"crash_severity","collision_type","weather","light","road_surface","traffic_control","city","year","fatality","injury","id","Geometry"
"A-Injury","Pedestrian","Clear","Daylight","Dry","No Controls","Champaign","2005","0","1","732","POINT (-88.2518038041985 40.1255399767328)"
"A-Injury","Fixed object","Clear","Daylight","Dry","Traffic Signal","Champaign","2005","0","1","733","POINT (-88.2452091614293 40.127206068769)"
"A-Injury","Fixed object","Clear","Darkness, lighted road","Dry","No Controls","Urbana","2005","0","1","734","POINT (-88.2217984416691 40.1232804381214)"
"A-Injury","Turning","Clear","Daylight","Dry","No Controls","Champaign","2005","0","2","735","POINT (-88.2768509283231 40.1274225714374)"
"A-Injury","Angle","Clear","Daylight","Dry","No Controls","Champaign","2005","0","1","736","POINT (-88.2579480281799 40.1271725430435)"
"A-Injury","Turning","Clear","Daylight","Dry","No Controls","Champaign","2005","0","2","737","POINT (-88.2772941364519 40.1274276886737)"
"A-Injury","Fixed object","Clear","Daylight","Dry","Lane Use Marking","Unincorporated","2000","0","1","278","POINT (-88.3035283944078 40.0397403103942)"
"A-Injury","Rear end","Clear","Daylight","Dry","Traffic Signal","Champaign","2005","0","1","738","POINT (-88.2769606693257 40.127423520908)"
"A-Injury","Angle","Rain","Darkness, lighted road","Wet","Stop Sign/Flasher","Champaign","2005","0","2","739","POINT (-88.2410721698789 40.1272054633268)"
"A-Injury","Sideswipe - same dir","Clear","Daylight","Wet","Lane Use Marking","Champaign","1999","0","2","416","POINT (-88.2837106497151 40.1462532484607)"
"A-Injury","Fixed object","Clear","Daylight","Dry","No Controls","Champaign","2005","0","2","740","POINT (-88.2514646421729 40.1271978700264)"
"A-Injury","Rear end","Clear","Daylight","Dry","No Controls","Champaign","2005","0","8","741","POINT (-88.2707265533316 40.1273435531983)"
"A-Injury","Parked motor vehicle","Clear","Daylight","Dry","No Controls","Champaign","2005","0","1","743","POINT (-88.249031063703 40.1304201282358)"
"A-Injury","Other object","Clear","Darkness","Dry","No Controls","Urbana","2005","0","1","744","POINT (-88.2078937710214 40.1274985000161)"
"A-Injury","Rear end","Clear","Daylight","Dry","Traffic Signal","Champaign","2005","0","2","745","POINT (-88.2767922750928 40.1128759546928)"
"A-Injury","Sideswipe same direction","Clear","Daylight","Dry","No Controls","Champaign","2005","0","1","746","POINT (-88.2387336864727 40.112645815513)"
"A-Injury","Rear end","Clear","Darkness, lighted road","Dry","Traffic Signal","Champaign","2005","0","2","747","POINT (-88.2860458398548 40.1129354097116)"
"A-Injury","Angle","Clear","Daylight","Dry","Traffic Signal","Champaign","2005","0","1","748","POINT (-88.2451371529597 40.1126315268338)"
"A-Injury","Sideswipe opposite","Clear","Daylight","Dry","No Controls","Mahomet","2006","0","2","790","POINT (-88.407802 40.191896)"
"A-Injury","Angle","Clear","Daylight","Dry","Traffic Signal","Champaign","2005","0","2","749","POINT (-88.2451371283539 40.1126314774031)"
"A-Injury","Turning","Clear","Daylight","Dry","Traffic Signal","Champaign","2005","0","3","750","POINT (-88.2435184919634 40.1126023240147)"
"A-Injury","Fixed object","Rain","Darkness, lighted road","Wet","No Controls","Champaign","2005","0","2","751","POINT (-88.2769937214899 40.1128742770459)"
"A-Injury","Angle","Rain","Darkness","Wet","Traffic Signal","Champaign","2005","0","2","753","POINT (-88.2828716121879 40.1129008192942)"
"A-Injury","Angle","Clear","Daylight","Dry","No Controls","Champaign","2005","0","1","754","POINT (-88.2389567251659 40.1102271336529)"
"A-Injury","Rear end","Clear","Daylight","Dry","Lane Use Marking","Unincorporated","1999","0","4","417","POINT (-88.0395745312823 40.3127355873537)"
"A-Injury","Angle","Other","Daylight","Wet","Lane Use Marking","Champaign","2005","0","1","755","POINT (-88.2408361515995 40.1102188832512)"
"A-Injury","Fixed object","Clear","Darkness","Dry","No Controls","Champaign","2005","0","1","756","POINT (-88.2726737608662 40.1102943127658)"
"A-Injury","Turning","Clear","Darkness","Dry","Stop Sign/Flasher","Champaign","2005","0","1","757","POINT (-88.2335846435326 40.1102715905427)"
"A-Injury","Angle","Clear","Daylight","Dry","Stop Sign/Flasher","Champaign","2005","0","1","758","POINT (-88.2320172690726 40.1090755384314)"
"A-Injury","Unknown","Clear","Daylight","Dry","No Controls","Champaign","2005","0","4","759","POINT (-88.2577397654321 40.109038252159)"
"A-Injury","Turning","Clear","Daylight","Dry","No Controls","Urbana","2005","0","1","760","POINT (-88.1956653566543 40.105672070413)"
"A-Injury","Parked motor vehicle","Clear","Darkness, lighted road","Dry","No Controls","Champaign","2005","0","1","762","POINT (-88.2890254936527 40.0984088725491)"
"A-Injury","Fixed object","Clear","Darkness, lighted road","Dry","Traffic Signal","Champaign","2005","0","1","763","POINT (-88.2764958738827 40.0982453899028)"
"A-Injury","Sideswipe same direction","Snow","Daylight","Unknown","No Controls","Champaign","2005","0","1","764","POINT (-88.2344482980825 40.0980750009965)"
"A-Injury","Pedestrian","Clear","Daylight","Dry","Other","Urbana","2005","0","1","765","POINT (-88.2221028814759 40.0981494859246)"
"A-Injury","Angle","Clear","Daylight","Dry","No Controls","Urbana","2005","0","1","766","POINT (-88.2287466106807 40.0981193473809)"
"A-Injury","Pedalcyclist","Clear","Daylight","Dry","No Controls","Urbana","2005","0","1","767","POINT (-88.1957224019947 40.0983651834889)"
"A-Injury","Pedestrian","Clear","Daylight","Dry","No Controls","Champaign","2005","0","1","768","POINT (-88.2534293823804 40.0940785258179)"
"A-Injury","Rear end","Clear","Daylight","Dry","No Controls","Champaign","2005","0","1","769","POINT (-88.2818305110476 40.0837798651628)"
"A-Injury","Pedalcyclist","Clear","Daylight","Dry","No Controls","Champaign","2005","0","1","770","POINT (-88.2895555339923 40.0838593334532)"
"A-Injury","Rear end","Clear","Daylight","Dry","Stop Sign/Flasher","Urbana","2005","0","1","771","POINT (-88.2094147722226 40.0837026807257)"
"A-Injury","Turning","Clear","Darkness","Wet","Traffic Signal","Rantoul","2006","0","2","772","POINT (-88.1364500299615 40.3121206459182)"
"A-Injury","Turning","Clear","Daylight","Unknown","Stop Sign/Flasher","Mahomet","2006","0","2","773","POINT (-88.3988800322628 40.1962385492857)"
"A-Injury","Turning","Clear","Darkness","Dry","Traffic Signal","Savoy","2006","0","4","774","POINT (-88.2539840074589 40.0394179842104)"
"A-Injury","Angle","Clear","Daylight","Dry","Lane Use Marking","Rantoul","2006","0","1","775","POINT (-88.1340977480085 40.3121529795325)"
"A-Injury","Sideswipe opposite","Clear","Darkness","Dry","No Controls","Savoy","2006","0","2","776","POINT (-88.2593822715246 40.0545570687997)"
"A-Injury","Turning","Rain","Daylight","Wet","Traffic Signal","Savoy","2006","0","2","777","POINT (-88.2491696186099 40.0690010867595)"
"A-Injury","Angle","Clear","Daylight","Dry","Traffic Signal","Rantoul","2006","0","3","778","POINT (-88.1558295795132 40.3119906100924)"
"A-Injury","Angle","Clear","Daylight","Dry","Traffic Signal","Savoy","2006","0","2","779","POINT (-88.2514198065387 40.0544697517596)"
"A-Injury","Turning","Clear","Daylight","Dry","No Controls","St. Joseph","2006","0","1","780","POINT (-88.034559822623 40.1132312470343)"
"A-Injury","Fixed object","Clear","Darkness","Dry","Traffic Signal","Rantoul","2006","0","3","781","POINT (-88.136450743661 40.3121208508127)"
"A-Injury","Fixed object","Rain","Darkness","Wet","Lane Use Marking","Thomasboro","2006","0","2","782","POINT (-88.1831389304969 40.2433764879171)"
"A-Injury","Rear end","Clear","Daylight","Dry","Traffic Signal","Savoy","2006","0","3","783","POINT (-88.2514165223406 40.0544690252705)"
"A-Injury","Turning","Clear","Daylight","Dry","Traffic Signal","Savoy","2006","0","1","784","POINT (-88.2562017020055 40.0247799705583)"
"A-Injury","Turning","Clear","Daylight","Dry","No Controls","Mahomet","2006","0","1","785","POINT (-88.4125299657165 40.2027133743286)"
"A-Injury","Pedestrian","Clear","Daylight","Dry","No Controls","Mahomet","2006","0","1","786","POINT (-88.4009010478584 40.1943320051464)"
"A-Injury","Parked Motor Vehicle","Clear","Daylight","Dry","No Controls","Champaign","2000","0","1","279","POINT (-88.2317145548112 40.1126998785107)"
"A-Injury","Pedestrian","Clear","Darkness","Dry","No Controls","Urbana","2000","0","1","280","POINT (-88.2042352705419 40.1177043205374)"
"A-Injury","Rear end","Clear","Dusk","Dry","No Controls","Urbana","2005","0","1","662","POINT (-88.1982451483339 40.1293354489219)"
"A-Injury","Overturned","Clear","Darkness","Dry","No Controls","Unincorporated","1999","0","1","418","POINT (-88.1046130867608 40.1206716516421)"
"A-Injury","Turning","Snow","Daylight","Snow or slush","No Controls","Thomasboro","1999","0","5","419","POINT (-88.1831311389881 40.240117966673)"
"A-Injury","Fixed object","Unknown","Daylight","Unknown","Other Warning Sign","Rantoul","2006","0","1","787","POINT (-88.1461903373209 40.2831617500046)"
"A-Injury","Fixed object","Clear","Darkness, lighted road","Dry","Other Regualtory Sig","Philo","2006","0","1","788","POINT (-88.1613709450413 40.0110498952183)"
"A-Injury","Overturned","Clear","Daylight","ICE","Lane Use Marking","Rantoul","2006","0","1","789","POINT (-88.1861770608796 40.3098804110022)"
"A-Injury","Turning","Clear","Daylight","Dry","No Controls","Rantoul","2006","0","2","791","POINT (-88.1364527554203 40.312122415874)"
"A-Injury","Fixed object","Clear","Darkness","Dry","No Controls","Mahomet","2006","0","1","792","POINT (-88.396936 40.196067)"
"A-Injury","Rear end","Clear","Daylight","Dry","Stop Sign/Flasher","Pesotum","2006","0","1","793","POINT (-88.2785679671536 39.9061080988442)"
"A-Injury","Fixed object","Clear","Darkness","Dry","No Controls","Unincorporated","2006","0","1","794","POINT (-88.3845586185479 40.2815807898722)"
"A-Injury","Overturned","Clear","Daylight","Dry","No Controls","Unincorporated","2006","0","1","795","POINT (-88.3500499160574 40.0530632502688)"
"A-Injury","Overturned","Clear","Darkness","Dry","No Controls","Unincorporated","2006","0","3","796","POINT (-88.3336376135139 40.1415824116553)"
"A-Injury","Angle","Rain","Daylight","Wet","Stop Sign/Flasher","Unincorporated","2006","0","1","797","POINT (-88.2892422041555 40.2455637498166)"
"A-Injury","Overturned","Clear","Daylight","Dry","No Controls","Unincorporated","2006","0","1","798","POINT (-88.289351048166 40.256558380383)"
"A-Injury","Fixed object","Clear","Darkness, lighted road","Dry","Stop Sign/Flasher","Savoy","2006","0","1","799","POINT (-88.2573095138477 40.0690775119307)"
"A-Injury","Other non collision","Clear","Darkness","Dry","Traffic Signal","Unincorporated","2006","0","1","800","POINT (-88.2384588234686 40.0833602510013)"
"A-Injury","Overturned","Clear","Daylight","Dry","No Controls","Unincorporated","2006","0","1","801","POINT (-88.2128297959559 40.2606207570603)"
"A-Injury","Turning","Clear","Daylight","Dry","No Controls","Unincorporated","2006","0","1","802","POINT (-88.1628882605544 40.1348270255383)"
"A-Injury","Fixed object","Clear","Darkness","Dry","No Controls","Unincorporated","2003","0","1","89","POINT (-87.9582355007595 40.0576613911688)"
"A-Injury","Fixed object","Clear","Darkness","Dry","Other Warning Sign","Unincorporated","2006","0","3","803","POINT (-88.1633474620527 40.1872754456873)"
"A-Injury","Fixed object","Clear","Darkness","Dry","No Controls","Unincorporated","2006","0","1","804","POINT (-88.0713597177443 40.0729100699293)"
"A-Injury","Overturned","Clear","Darkness","Dry","No Controls","Unincorporated","2006","0","2","805","POINT (-88.059303663184 40.2614407460034)"
"A-Injury","Train","Fog/Smoke/Haze","Darkness, lighted road","Dry","Other RR crossing","Unincorporated","2006","0","1","806","POINT (-88.0665646897513 40.0039866692172)"
"A-Injury","Angle","Clear","Daylight","Dry","No Controls","Unincorporated","2006","0","3","807","POINT (-88.0401391644013 40.2542204101714)"
"A-Injury","Fixed object","Clear","Daylight","Dry","No Controls","Unincorporated","2006","0","1","808","POINT (-87.9603903013588 40.2140913643953)"
"A-Injury","Fixed object","Clear","Daylight","Dry","No Controls","Unincorporated","2006","0","1","810","POINT (-88.1038450311421 39.9239119204269)"
"A-Injury","Fixed object","Clear","Darkness","Dry","No Controls","Unincorporated","2006","0","1","811","POINT (-88.0426066546257 39.92322838173)"
"A-Injury","Fixed object","Clear","Unknown","Dry","Unknown","Unincorporated","2006","0","2","812","POINT (-88.4162213521464 39.9525816487992)"
"A-Injury","Head on","Clear","Darkness","Dry","No Controls","Unincorporated","2006","0","1","813","POINT (-88.2039721402687 40.0107080037553)"
"A-Injury","Angle","Clear","Daylight","Dry","Stop Sign/Flasher","Unincorporated","2006","0","2","814","POINT (-88.2944767258157 40.0252992543596)"
"A-Injury","Overturned","Snow","Darkness","ICE","No Controls","Unincorporated","2006","0","1","815","POINT (-88.2710301495293 40.0248983119544)"
"A-Injury","Turning","Clear","Daylight","Dry","No Controls","Unincorporated","2006","0","3","816","POINT (-88.29905482855 40.0253394119529)"
"A-Injury","Turning","Rain","Darkness","Wet","Stop Sign/Flasher","Unincorporated","2006","0","2","817","POINT (-88.2761081708717 40.0691701621092)"
"A-Injury","Angle","Clear","Daylight","Unknown","No Controls","Unincorporated","2006","0","1","818","POINT (-88.4073615295412 40.098679795211)"
"A-Injury","Angle","Clear","Daylight","Dry","No Controls","Unincorporated","2006","0","7","819","POINT (-88.4073608141219 40.0986796625301)"
"A-Injury","Angle","Clear","Daylight","Dry","Stop Sign/Flasher","Unincorporated","2006","0","2","820","POINT (-88.3696709812132 40.127621173455)"
"A-Injury","Fixed object","Clear","Darkness","Dry","No Controls","Unincorporated","2006","0","1","821","POINT (-88.3512251160315 40.2222514014731)"
"A-Injury","Head on","Clear","Daylight","Dry","No Controls","Unincorporated","2006","0","1","822","POINT (-88.0689157119065 40.2394918883079)"
"A-Injury","Fixed object","Clear","Darkness","Dry","Other Warning Sign","Unincorporated","2006","0","2","823","POINT (-88.1172898056979 40.2978097305775)"
"A-Injury","Angle","Clear","Darkness","Dry","Lane Use Marking","Unincorporated","2006","0","1","824","POINT (-88.2898707632246 40.3112210116137)"
"A-Injury","Fixed object","Clear","Darkness","Dry","No Controls","Unincorporated","2006","0","1","825","POINT (-88.0502914808475 40.3856454404663)"
"A-Injury","Fixed object","Clear","Daylight","Dry","No Controls","Unincorporated","2006","0","4","826","POINT (-88.3581381665968 40.212211820446)"
"A-Injury","Fixed object","Clear","Darkness","Unknown","No Controls","Unincorporated","2006","0","1","827","POINT (-88.3652129970227 40.2112258807824)"
"A-Injury","Other object","Clear","Daylight","Dry","Lane Use Marking","Unincorporated","2006","0","1","828","POINT (-88.1934064406546 40.2480917202873)"
"A-Injury","Rear end","Clear","Daylight","Dry","Lane Use Marking","Unincorporated","2006","0","2","829","POINT (-88.2745666837644 39.9015666417497)"
"A-Injury","Angle","Clear","Daylight","Dry","Stop sign / flasher","Urbana","2000","0","3","281","POINT (-88.1907147565022 40.1419727195052)"
"A-Injury","Rear end","Clear","Darkness","Dry","Lane Use Marking","Unincorporated","2000","0","1","282","POINT (-88.286754042188 39.9108906038424)"
"A-Injury","Overturned","Clear","Daylight","Dry","Lane Use Marking","Unincorporated","2001","0","1","235","GEOMETRYCOLLECTION EMPTY"
"A-Injury","Angle","Rain","Dusk","Wet","Stop sign / flasher","Unincorporated","1999","0","1","420","POINT (-87.9576648226983 39.9815627861422)"
"A-Injury","Rear end","Clear","Daylight","Dry","Lane Use Marking","Unincorporated","2006","0","2","830","POINT (-88.2903053244894 39.9133611048684)"
"A-Injury","Overturned","Clear","Daylight","Dry","Lane Use Marking","Unincorporated","2006","0","2","831","POINT (-88.3033285517468 39.9450131181783)"
"A-Injury","Fixed object","Clear","Darkness","Dry","Lane Use Marking","Unincorporated","2006","0","2","832","POINT (-88.3048811130406 40.0903334272926)"
"A-Injury","Fixed object","Clear","Darkness","Dry","Lane Use Marking","Unincorporated","2006","0","3","833","POINT (-88.1980038349923 40.2361987835861)"
"A-Injury","Rear end","Clear","Darkness","Dry","Lane Use Marking","Unincorporated","2006","0","2","835","POINT (-88.1838053540126 40.2821496619577)"
"A-Injury","Overturned","Clear","Daylight","Dry","Other Warning Sign","Unincorporated","2006","0","1","836","POINT (-88.3048374811948 40.0267808936948)"
"A-Injury","Parked motor vehicle","Clear","Darkness","Wet","Lane Use Marking","Unincorporated","2006","0","1","837","POINT (-88.1465333398454 40.3647166557522)"
"A-Injury","Turning","Clear","Daylight","Dry","Lane Use Marking","Unincorporated","2006","0","1","838","POINT (-88.1822750619109 40.1890760005566)"
"A-Injury","Overturned","Clear","Dawn","Dry","Lane Use Marking","Unincorporated","2006","0","1","839","POINT (-88.1816364163797 40.2554959582223)"
"A-Injury","Turning","Clear","Daylight","Dry","Lane Use Marking","Unincorporated","2006","0","1","840","POINT (-88.2709783588203 40.3113143312792)"
"A-Injury","Head on","Clear","Daylight","Dry","Stop Sign/Flasher","Unincorporated","2006","0","2","841","POINT (-88.1245885984071 40.1133498615204)"
"A-Injury","Angle","Clear","Daylight","Dry","Stop Sign/Flasher","St. Joseph","2006","0","2","842","POINT (-88.0190593009957 40.1140979509543)"
"A-Injury","Parked motor vehicle","Snow","Daylight","ICE","Lane Use Marking","Unincorporated","2006","0","1","843","POINT (-88.3071151838169 40.1564935288828)"
"A-Injury","Sideswipe same direction","Rain","Daylight","Wet","Lane Use Marking","Unincorporated","2006","0","1","844","POINT (-88.1720729458797 40.1210098003382)"
"A-Injury","Rear end","Clear","Darkness","Dry","Lane Use Marking","Unincorporated","2006","0","2","845","POINT (-88.1191814212369 40.1206664588994)"
"A-Injury","Fixed object","Clear","Darkness","Dry","No Controls","Unincorporated","2006","0","1","846","POINT (-88.3940650538821 40.2760221772253)"
"A-Injury","Angle","Clear","Daylight","Dry","Traffic Signal","Champaign","2006","0","1","848","POINT (-88.2426402386481 40.1163699160722)"
"A-Injury","Turning","Clear","Daylight","Dry","Stop Sign/Flasher","Champaign","2006","0","2","849","POINT (-88.2390392144927 40.1417412848846)"
"A-Injury","Fixed object","Snow","Daylight","Ice","No Controls","St. Joseph","2003","0","1","91","POINT (-88.0113595689402 40.1201496583826)"
"A-Injury","Rear end","Clear","Daylight","Dry","No Controls","Unincorporated","2006","0","2","850","POINT (-88.2390704907708 40.1436161381247)"
"A-Injury","Angle","Clear","Daylight","Dry","Stop Sign/Flasher","Champaign","2006","0","2","851","POINT (-88.2392905020384 40.1566997611046)"
"A-Injury","Turning","Clear","Daylight","Dry","Stop Sign/Flasher","Champaign","2006","0","1","852","POINT (-88.2390347885026 40.1417392161452)"
"A-Injury","Angle","Clear","Daylight","Dry","Stop Sign/Flasher","Champaign","2006","0","2","853","POINT (-88.2392927788162 40.1566997799733)"
"A-Injury","Angle","Clear","Daylight","Dry","Stop Sign/Flasher","Champaign","2006","0","3","854","POINT (-88.2392914760346 40.1567014567133)"
"A-Injury","Fixed object","Clear","Daylight","Dry","No Controls","Champaign","2006","0","1","855","POINT (-88.2389364111148 40.1341702933998)"
"A-Injury","Angle","Clear","Daylight","Wet","Traffic Signal","Urbana","2006","0","1","856","POINT (-88.1994297190467 40.127400165807)"
"A-Injury","Fixed object","Clear","Darkness","Dry","No Controls","Urbana","2006","0","1","858","POINT (-88.1931270002264 40.1045599258863)"
"A-Injury","Pedestrian","Clear","Daylight","Dry","No Controls","Urbana","2006","0","1","859","POINT (-88.1905821197357 40.0915004303551)"
"A-Injury","Sideswipe same direction","Clear","Darkness, lighted road","Dry","No Controls","Champaign","2006","0","1","860","POINT (-88.2813196433316 40.1092066207261)"
"A-Injury","Fixed object","Clear","Darkness","Dry","No Controls","Champaign","2006","0","3","861","POINT (-88.287391605969 40.0944605425361)"
"A-Injury","Fixed object","Clear","Darkness","Dry","No Controls","Unincorporated","2006","0","1","862","POINT (-87.9927400091433 40.0761096944799)"
"A-Injury","Turning","Clear","Daylight","Dry","No Controls","Champaign","2006","0","2","863","POINT (-88.2723770242714 40.1324129518906)"
"A-Injury","Angle","Rain","Daylight","ICE","Lane Use Marking","Champaign","2006","0","1","864","POINT (-88.283531692544 40.1466632570794)"
"A-Injury","Overturned","Clear","Daylight","Dry","Lane Use Marking","Champaign","2006","0","1","865","POINT (-88.3061612696979 40.1219058134479)"
"A-Injury","Overturned","Clear","Daylight","Dry","Lane Use Marking","Champaign","2006","0","1","866","POINT (-88.3029078630464 40.1194224254259)"
"A-Injury","Overturned","Rain","Daylight","Wet","Lane Use Marking","Champaign","2006","0","1","867","POINT (-88.2849624909657 40.1441325168659)"
"A-Injury","Fixed object","Clear","Daylight","Dry","Lane Use Marking","Champaign","2006","0","1","868","POINT (-88.2771157975102 40.1408935694118)"
"A-Injury","Overturned","Rain","Daylight","Wet","Lane Use Marking","Champaign","2006","0","1","869","POINT (-88.2807120999559 40.1432969072574)"
"A-Injury","Rear end","Clear","Daylight","Dry","Lane Use Marking","Champaign","2006","0","1","870","POINT (-88.2796771153834 40.1424778182352)"
"A-Injury","Other object","Clear","Darkness","Dry","Lane Use Marking","Champaign","2006","0","2","871","POINT (-88.2409207355973 40.1350857685947)"
"A-Injury","Other object","Sleet","Darkness","ICE","Lane Use Marking","Champaign","2006","0","1","872","POINT (-88.2807166777764 40.1432499890708)"
"A-Injury","Turning","Clear","Daylight","Dry","No Controls","Urbana","2006","0","1","873","POINT (-88.1969313636456 40.090679239342)"
"A-Injury","Rear end","Clear","Darkness, lighted road","Dry","Stop Sign/Flasher","Champaign","2006","0","2","874","POINT (-88.2364811296638 40.1272310202674)"
"A-Injury","Other non collision","Clear","Darkness, lighted road","Dry","No Controls","Champaign","2006","0","1","875","POINT (-88.2408093436389 40.1164848456595)"
"A-Injury","Overturned","Clear","Darkness","Wet","Lane Use Marking","Champaign","2000","0","1","283","POINT (-88.2965427126247 40.1514630864871)"
"A-Injury","Pedalcyclist","Clear","Daylight","Dry","Traffic Signal","Champaign","2006","0","1","876","POINT (-88.2385192511974 40.0980520458977)"
"A-Injury","Turning","Clear","Daylight","Unknown","Lane Use Marking","Rantoul","1999","0","1","422","POINT (-88.1374709577432 40.3121262029343)"
"A-Injury","Pedestrian","Rain","Darkness","Wet","Other Warning Sign","Champaign","2006","0","1","880","POINT (-88.233516993508 40.1054138733446)"
"A-Injury","Turning","Clear","Daylight","Dry","Traffic Signal","Champaign","2006","0","2","881","POINT (-88.2333289142512 40.0981010541243)"
"A-Injury","Pedalcyclist","Clear","Dusk","Dry","No Controls","Champaign","2006","0","1","882","POINT (-88.2321202573035 40.1221311113007)"
"A-Injury","Pedestrian","Clear","Daylight","Dry","No Controls","Champaign","2006","0","1","887","POINT (-88.243511 40.111629)"
"A-Injury","Angle","Clear","Daylight","Dry","Stop Sign/Flasher","Urbana","2006","0","1","883","POINT (-88.2013015430836 40.1077020023942)"
"A-Injury","Turning","Clear","Daylight","Dry","Stop Sign/Flasher","Urbana","2006","0","1","884","POINT (-88.1955501348185 40.1000429456613)"
"A-Injury","Other non collision","Clear","Daylight","Dry","No Controls","Urbana","2006","0","1","885","POINT (-88.1624327879322 40.0987249145745)"
"A-Injury","Pedestrian","Clear","Darkness, lighted road","Dry","No Controls","Champaign","2006","0","1","886","POINT (-88.2436208197678 40.1284417108248)"
"A-Injury","Pedestrian","Clear","Daylight","Dry","No Controls","Champaign","2006","0","1","888","POINT (-88.2435309210844 40.1212132168621)"
"A-Injury","Pedalcyclist","Clear","Daylight","Dry","Traffic Signal","Champaign","2006","0","1","889","POINT (-88.2468799987227 40.0835899709075)"
"A-Injury","Turning","Clear","Daylight","Dry","Stop Sign/Flasher","Champaign","2006","0","1","890","POINT (-88.2434499927179 40.1049819327843)"
"A-Injury","Rear end","Clear","Darkness, lighted road","Dry","No Controls","Champaign","2006","0","3","891","POINT (-88.2434871248367 40.1103602590801)"
"A-Injury","Pedestrian","Clear","Darkness","Dry","No Controls","Champaign","2006","0","1","892","POINT (-88.2484154609834 40.1437322537124)"
"A-Injury","Fixed object","Clear","Darkness, lighted road","Dry","No Controls","Champaign","2006","0","1","893","POINT (-88.2434309648847 40.1071650860183)"
"A-Injury","Rear end","Clear","Daylight","Dry","No Controls","Champaign","2006","0","1","894","POINT (-88.24545010549 40.0928906334517)"
"A-Injury","Other non collision","Clear","Darkness, lighted road","Dry","No Controls","Champaign","2006","0","1","895","POINT (-88.2454518614616 40.092874852272)"
"A-Injury","Rear end","Clear","Daylight","Dry","No Controls","Champaign","2006","0","1","896","POINT (-88.2436480661639 40.1324574616752)"
"A-Injury","Fixed object","Fog/Smoke/Haze","Daylight","Wet","Traffic Signal","Champaign","2006","0","1","897","POINT (-88.2452308117909 40.1183099394079)"
"A-Injury","Pedestrian","Rain","Daylight","Wet","Traffic Signal","Champaign","2006","0","1","899","POINT (-88.2468468828576 40.1163417351464)"
"A-Injury","Angle","Clear","Darkness","Dry","Traffic signal","Champaign","2003","0","2","92","POINT (-88.2771912125584 40.1392387502071)"
"A-Injury","Rear end","Clear","Daylight","Dry","No Controls","Champaign","2006","0","2","900","POINT (-88.2468102113195 40.112530984981)"
"A-Injury","Pedalcyclist","Rain","Daylight","Wet","Yield","Urbana","2006","0","1","901","POINT (-88.2176793573504 40.1074309778382)"
"A-Injury","Turning","Clear","Daylight","Dry","Traffic Signal","Champaign","2006","0","1","902","POINT (-88.2578227368503 40.1126394103048)"
"A-Injury","Pedestrian","Clear","Daylight","Dry","Stop Sign/Flasher","Urbana","2006","0","2","903","POINT (-88.2192523166444 40.1059768134269)"
"A-Injury","Rear end","Clear","Daylight","Dry","No Controls","Urbana","2006","0","1","904","POINT (-88.2195454917881 40.1271430668127)"
"A-Injury","Turning","Clear","Daylight","Dry","No Controls","Urbana","2006","0","1","905","POINT (-88.2190336640847 40.0945439743642)"
"A-Injury","Turning","Clear","Daylight","Dry","Traffic Signal","Urbana","2006","0","1","906","POINT (-88.2196022158586 40.1371206488482)"
"A-Injury","Rear end","Clear","Daylight","Dry","Traffic Signal","Champaign","2006","0","1","907","POINT (-88.2579796969484 40.1320107785612)"
"A-Injury","Angle","Clear","Dusk","Dry","Stop Sign/Flasher","Urbana","2006","0","2","910","POINT (-88.2191607397686 40.100649478168)"
"A-Injury","Other object","Clear","Darkness","Wet","Lane Use Marking","Champaign","2006","0","1","911","POINT (-88.2577702425156 40.1063005029465)"
"A-Injury","Turning","Clear","Darkness, lighted road","Dry","Traffic Signal","Champaign","2006","0","2","912","POINT (-88.2578891219259 40.1163122007397)"