"crash_severity","collision_type","weather","light","road_surface","traffic_control","city","year","fatality","injury","id","Geometry"
"A-Injury","Angle","Clear","Daylight","Dry","Stop Sign/Flasher","Champaign","2006","0","2","913","POINT (-88.2624998362509 40.1117490613173)"
"A-Injury","Fixed object","Clear","Daylight","Dry","No Controls","Urbana","2006","0","1","914","POINT (-88.2241933362789 40.1241226309501)"
"A-Injury","Fixed object","Rain","Daylight","Wet","No Controls","Urbana","2006","0","1","915","POINT (-88.2242271854792 40.1247678201064)"
"A-Injury","Angle","Clear","Daylight","Dry","Stop Sign/Flasher","Urbana","2006","0","1","916","POINT (-88.2271420050955 40.1221645403296)"
"A-Injury","Pedestrian","Clear","Dusk","Dry","No Controls","Champaign","2006","0","1","917","POINT (-88.2724605431086 40.1200340923848)"
"A-Injury","Rear end","Clear","Daylight","Dry","No Controls","Unincorporated","2006","0","1","918","POINT (-88.2769791524415 40.1479101646643)"
"A-Injury","Rear end","Clear","Dusk","Dry","No Controls","Champaign","2006","0","3","919","POINT (-88.2768203597986 40.1187432871382)"
"A-Injury","Pedalcyclist","Clear","Daylight","Dry","No Controls","Champaign","2006","0","2","920","POINT (-88.2769244718102 40.1219788830574)"
"A-Injury","Turning","Clear","Darkness","Dry","Traffic Signal","Champaign","2006","0","2","921","POINT (-88.2770894247785 40.1577601071901)"
"A-Injury","Rear end","Clear","Daylight","Dry","No Controls","Champaign","2006","0","1","922","POINT (-88.277181180762 40.1370985702872)"
"A-Injury","Rear end","Clear","Daylight","Wet","No Controls","Champaign","2006","0","1","923","POINT (-88.2769943906114 40.1276845565082)"
"A-Injury","Angle","Clear","Darkness, lighted road","Dry","Traffic Signal","Champaign","2006","0","3","924","POINT (-88.2769874814834 40.1274113646407)"
"A-Injury","Rear end","Clear","Daylight","Dry","No Controls","Champaign","2006","0","1","925","POINT (-88.2769880212359 40.1274081877214)"
"A-Injury","Head on","Clear","Daylight","Dry","No Controls","Champaign","2006","0","1","926","POINT (-88.2770768594211 40.15736492721)"
"A-Injury","Pedalcyclist","Clear","Daylight","Dry","Stop Sign/Flasher","Champaign","2006","0","1","927","POINT (-88.286009854965 40.1093112266959)"
"A-Injury","Pedalcyclist","Clear","Daylight","Dry","Stop sign / flasher","Rantoul","2000","0","1","284","POINT (-88.132902239189 40.312150594702)"
"A-Injury","Overturned","Severe cross wind","Darkness","Snow or slush","No Controls","Mahomet","2000","0","2","285","POINT (-88.3776527094516 40.1863181097221)"
"A-Injury","Other non collision","Clear","Daylight","Dry","No Controls","Urbana","1999","0","2","423","POINT (-88.2242129736989 40.1349806222795)"
"A-Injury","Turning","Clear","Daylight","Dry","Stop sign / flasher","Champaign","1999","0","4","424","POINT (-88.2578735563424 40.1192104624317)"
"A-Injury","Turning","Clear","Daylight","Dry","Lane Use Marking","Urbana","1999","0","5","425","POINT (-88.1900357851518 40.1431743051124)"
"A-Injury","Head on","Clear","Daylight","Dry","Stop Sign/Flasher","Champaign","2006","0","5","929","POINT (-88.3141903539796 40.0919602774548)"
"A-Injury","Fixed object","Clear","Daylight","Dry","No Controls","Unincorporated","2006","0","1","930","POINT (-88.3143897069857 40.103559829693)"
"A-Injury","Fixed object","Clear","Daylight","Dry","No Controls","Urbana","2006","0","1","931","POINT (-88.1889654597585 40.1129513331215)"
"A-Injury","Turning","Clear","Daylight","Dry","Traffic Signal","Champaign","2006","0","1","932","POINT (-88.2426400649715 40.1163698456615)"
"A-Injury","Pedestrian","Clear","Darkness, lighted road","Dry","No Controls","Urbana","2006","0","3","933","POINT (-88.2160501768253 40.1127805312967)"
"A-Injury","Sideswipe same direction","Clear","Daylight","Dry","No Controls","Champaign","2006","0","3","934","POINT (-88.247207660632 40.1163387960548)"
"A-Injury","Turning","Rain","Darkness, lighted road","Wet","Traffic Signal","Champaign","2006","0","2","935","POINT (-88.2435032015798 40.1163612228415)"
"A-Injury","Rear end","Clear","Daylight","Dry","No Controls","Urbana","2006","0","1","936","POINT (-88.2239897759247 40.1128099616291)"
"A-Injury","Sideswipe same direction","Clear","Dawn","Dry","No Controls","Champaign","2006","0","2","937","POINT (-88.2322066242539 40.1164099015452)"
"A-Injury","Turning","Rain","Daylight","Wet","No Controls","Champaign","2006","0","2","938","POINT (-88.2748596357645 40.1164210553507)"
"A-Injury","Turning","Clear","Daylight","Dry","Stop Sign/Flasher","Urbana","2006","0","1","939","POINT (-88.1978385854762 40.1129811473585)"
"A-Injury","Angle","Clear","Daylight","Dry","Traffic Signal","Champaign","2006","0","3","940","POINT (-88.2817413609298 40.1185008626874)"
"A-Injury","Angle","Clear","Darkness, lighted road","Dry","Traffic Signal","Champaign","2006","0","2","941","POINT (-88.276802027292 40.1184702116942)"
"A-Injury","Pedestrian","Clear","Darkness, lighted road","Wet","No Controls","Champaign","2006","0","1","942","POINT (-88.2368854626155 40.1193188022904)"
"A-Injury","Turning","Clear","Daylight","Dry","Traffic Signal","Urbana","2006","0","2","943","POINT (-88.2126412857066 40.1164754543222)"
"A-Injury","Fixed object","Unknown","Darkness, lighted road","Dry","Unknown","Champaign","2006","0","1","944","POINT (-88.2320868022093 40.1202612097011)"
"A-Injury","Sideswipe same direction","Clear","Darkness, lighted road","Dry","No Controls","Urbana","2006","0","1","945","POINT (-88.224559202 40.1163812047909)"
"A-Injury","Sideswipe opposite","Clear","Darkness","Dry","No Controls","Urbana","2006","0","1","946","POINT (-88.2267704987437 40.1202810218308)"
"A-Injury","Turning","Clear","Dusk","Dry","Traffic Signal","Urbana","2004","0","3","522","POINT (-88.1621494561884 40.0839948488388)"
"A-Injury","Rear end","Clear","Dusk","Dry","No Controls","Champaign","2006","0","1","948","POINT (-88.2411169669495 40.1272185571834)"
"A-Injury","Turning","Clear","Daylight","Dry","Stop Sign/Flasher","Champaign","2006","0","1","949","POINT (-88.2531986327381 40.1272021746193)"
"A-Injury","Rear end","Clear","Daylight","Wet","Police/Flagman","Champaign","2006","0","1","950","POINT (-88.2686997547588 40.1273101919856)"
"A-Injury","Pedestrian","Clear","Daylight","Dry","No Controls","Champaign","2006","0","1","951","POINT (-88.2652437285152 40.1273192121104)"
"A-Injury","Rear end","Clear","Daylight","Dry","Traffic Signal","Champaign","2006","0","1","952","POINT (-88.2468585811549 40.1271633654741)"
"A-Injury","Turning","Clear","Daylight","Dry","No Passing","Champaign","2006","0","1","953","POINT (-88.2411952967363 40.1272185926251)"
"A-Injury","Rear end","Clear","Daylight","Dry","No Controls","Champaign","2006","0","1","954","POINT (-88.2410895600635 40.1272199790067)"
"A-Injury","Pedalcyclist","Clear","Daylight","Dry","No Controls","Champaign","2006","0","1","955","POINT (-88.2420113332353 40.1272133866851)"
"A-Injury","Pedestrian","Clear","Daylight","Dry","No Controls","Champaign","2006","0","1","957","POINT (-88.2370248123614 40.1303739513409)"
"A-Injury","Turning","Clear","Daylight","Dry","Traffic Signal","Urbana","2006","0","1","958","POINT (-88.219553590662 40.1274119580752)"
"A-Injury","Turning","Clear","Daylight","Dry","No Controls","Urbana","2006","0","1","959","POINT (-88.2199089995172 40.127409050185)"
"A-Injury","Sideswipe opposite","Other","Daylight","Dry","No Controls","Unincorporated","2006","0","1","960","POINT (-88.2047981290484 40.1274275193502)"
"A-Injury","Turning","Rain","Darkness, lighted road","Wet","Traffic Signal","Champaign","2006","0","1","961","POINT (-88.2579854468787 40.1407616403136)"
"A-Injury","Overturned","Clear","Darkness, lighted road","Dry","No Controls","Champaign","2006","0","1","962","POINT (-88.2469463647787 40.1373262722871)"
"A-Injury","Angle","Clear","Darkness, lighted road","Dry","Traffic Signal","Champaign","2006","0","1","963","POINT (-88.2507303644678 40.1372703073071)"
"A-Injury","Fixed object","Clear","Daylight","Dry","Traffic Signal","Urbana","2006","0","1","964","POINT (-88.1908238463913 40.1420521271967)"
"A-Injury","Angle","Clear","Daylight","Dry","Traffic Signal","Champaign","2006","0","2","965","POINT (-88.2451481925981 40.1125912927579)"
"A-Injury","Angle","Clear","Daylight","Dry","Stop Sign/Flasher","Champaign","2006","0","1","966","POINT (-88.2320782430352 40.1126322160418)"
"A-Injury","Turning","Rain","Daylight","Wet","Traffic Signal","Champaign","2006","0","2","967","POINT (-88.2767806370244 40.1128526455)"
"A-Injury","Turning","Rain","Daylight","Dry","Traffic Signal","Champaign","2006","0","1","968","POINT (-88.2785679336948 40.1128594791225)"
"A-Injury","Turning","Clear","Darkness","Dry","Stop Sign/Flasher","Champaign","2006","0","1","969","POINT (-88.2320797292275 40.1126296100362)"
"A-Injury","Sideswipe same direction","Clear","Darkness, lighted road","Dry","Traffic Signal","Champaign","2006","0","1","970","POINT (-88.2578216280812 40.1126417294741)"
"A-Injury","Angle","Clear","Daylight","Dry","Lane Use Marking","Champaign","2006","0","1","971","POINT (-88.2335496280034 40.1126501412792)"
"A-Injury","Pedestrian","Clear","Darkness","Dry","Lane Use Marking","Champaign","2006","0","1","972","POINT (-88.2869533772499 40.1129274595469)"
"A-Injury","Rear end","Clear","Daylight","Dry","No Controls","Champaign","2006","0","2","973","POINT (-88.2862363063955 40.1129227760869)"
"A-Injury","Turning","Clear","Daylight","Dry","Other reg. sign","Champaign","1999","0","3","426","POINT (-88.2921064117282 40.1531961033285)"
"A-Injury","Pedalcyclist","Clear","Daylight","Dry","No Controls","Rantoul","1999","0","2","427","POINT (-88.1452701202184 40.30902239458)"
"A-Injury","Turning","Clear","Daylight","Dry","No Controls","Urbana","2006","0","1","988","POINT (-88.190627 40.139248)"
"A-Injury","Rear end","Rain","Darkness, lighted road","Wet","Traffic Signal","Champaign","2006","0","2","974","POINT (-88.2828415578274 40.1128811265044)"
"A-Injury","Rear end","Snow","Daylight","Ice","No Controls","Unincorporated","2000","0","5","286","POINT (-88.1824994383574 40.2114292354166)"
"A-Injury","Angle","Clear","Dawn","Dry","Stop sign / flasher","Unincorporated","2000","0","3","287","POINT (-88.288965715176 40.3112248396648)"
"A-Injury","Pedalcyclist","Clear","Daylight","Dry","No Controls","Champaign","2006","0","1","975","POINT (-88.2352592343825 40.1102728847203)"
"A-Injury","Pedalcyclist","Other","Daylight","Dry","No Controls","Champaign","2006","0","2","978","POINT (-88.2306496483993 40.1091355036389)"
"A-Injury","Angle","Clear","Daylight","Dry","Stop Sign/Flasher","Champaign","2006","0","1","979","POINT (-88.2578012710219 40.1090507795214)"
"A-Injury","Turning","Clear","Daylight","Dry","Stop Sign/Flasher","Champaign","2006","0","1","980","POINT (-88.257802750456 40.1081214504172)"
"A-Injury","Angle","Clear","Daylight","Dry","No Controls","Urbana","2006","0","1","981","POINT (-88.189007468337 40.1056698153237)"
"A-Injury","Fixed object","Unknown","Darkness","Unknown","Traffic Signal","Champaign","2006","0","1","982","POINT (-88.230289519002 40.1041703611113)"
"A-Injury","Turning","Clear","Daylight","Dry","No Controls","Champaign","2006","0","1","983","POINT (-88.2626381089474 40.0981616618627)"
"A-Injury","Rear end","Rain","Daylight","Wet","No Controls","Urbana","2006","0","1","984","POINT (-88.2228172899072 40.0981571596335)"
"A-Injury","Parked motor vehicle","Clear","Darkness","Dry","No Controls","Unincorporated","2006","0","1","985","POINT (-88.2686411152908 40.0868429364233)"
"A-Injury","Turning","Clear","Daylight","Dry","Traffic Signal","Champaign","2006","0","1","986","POINT (-88.2951588165696 40.0839594390785)"
"A-Injury","Fixed object","Clear","Daylight","Dry","No Controls","Champaign","2006","0","1","987","POINT (-88.3315199486487 40.0841693596543)"
"A-Injury","Animal","Clear","Darkness","Dry","Lane Use Marking","Unincorporated","2007","0","2","989","POINT (-88.394138991134 40.2699198355361)"
"A-Injury","Overturned","Clear","Daylight","Dry","Lane Use Marking","Unincorporated","2007","0","1","990","POINT (-88.303418238142 40.0438505869783)"
"A-Injury","Overturned","Clear","Daylight","Dry","No Controls","Unincorporated","2007","0","1","991","POINT (-88.4256632087228 39.9637225645678)"
"A-Injury","Overturned","Clear","Daylight","ICE","No Controls","Unincorporated","2007","0","1","992","POINT (-88.4073618109456 40.0991231999228)"
"A-Injury","Overturned","Clear","Daylight","Dry","No Controls","Unincorporated","2007","0","1","993","POINT (-88.0805945240205 40.0987020369866)"
"A-Injury","Overturned","Clear","Daylight","Dry","No Controls","Unincorporated","2007","0","1","994","POINT (-88.0096883283625 40.1934206395912)"
"A-Injury","Overturned","Clear","Daylight","Unknown","No Controls","Unincorporated","2007","0","1","995","POINT (-87.9577248546221 39.9888253758626)"
"A-Injury","Overturned","Clear","Darkness","Dry","No Controls","Unincorporated","2007","0","1","996","POINT (-88.2186136221782 40.03982175479)"
"A-Injury","Overturned","Clear","Darkness","Dry","No Controls","Unincorporated","2007","0","1","997","POINT (-88.4451453321449 40.0985919984412)"
"A-Injury","Overturned","Clear","Darkness","Dry","No Controls","Unincorporated","2007","0","1","998","POINT (-88.3409753243564 40.1278146585356)"
"A-Injury","Overturned","Snow","Daylight","Snow or slush","Lane Use Marking","Unincorporated","2007","0","1","999","POINT (-88.0713819744794 40.1206598839423)"
"A-Injury","Overturned","Clear","Daylight","Dry","No Controls","Unincorporated","2007","0","3","1000","POINT (-88.3465843758616 40.2742633370445)"
"A-Injury","Overturned","Clear","Daylight","ICE","No Controls","Unincorporated","2007","0","1","1001","POINT (-88.3464227025926 40.0257600302021)"
"A-Injury","Overturned","Clear","Daylight","Dry","Lane Use Marking","Unincorporated","2007","0","1","1002","POINT (-88.2307833390504 40.1954833316217)"
"A-Injury","Overturned","Clear","Darkness","Dry","Lane Use Marking","Unincorporated","2007","0","1","1003","POINT (-88.0002898607003 40.1199483188984)"
"A-Injury","Overturned","Clear","Daylight","ICE","Lane Use Marking","Unincorporated","2007","0","2","1004","POINT (-87.9478731574197 40.1201189279137)"
"A-Injury","Overturned","Rain","Daylight","ICE","Lane Use Marking","Unincorporated","2007","0","3","1005","POINT (-88.1705233154888 40.3347964363988)"
"A-Injury","Overturned","Rain","Darkness","Wet","No Controls","Unincorporated","2007","0","1","1007","POINT (-88.1627645487631 40.1263091292504)"
"A-Injury","Overturned","Clear","Dawn","Dry","No Controls","Unincorporated","2007","0","1","1008","POINT (-88.3343649816082 40.1133033475161)"
"A-Injury","Overturned","Clear","Daylight","Dry","Other Regualtory Sig","Unincorporated","2007","0","2","1009","POINT (-88.2747196050676 39.9008467764965)"
"A-Injury","Overturned","Clear","Daylight","Dry","Lane Use Marking","Unincorporated","2007","0","1","1010","POINT (-88.1822333511661 40.1973499923483)"
"A-Injury","Fixed object","Clear","Daylight","Dry","No Controls","Unincorporated","2007","0","1","1011","POINT (-88.2940391665002 39.9815960997166)"
"A-Injury","Fixed object","Clear","Dawn","Dry","No Controls","Unincorporated","2007","0","4","1012","POINT (-88.0980460532795 40.3722696031426)"
"A-Injury","Fixed object","Clear","Daylight","Dry","No Controls","Unincorporated","2007","0","4","1013","POINT (-87.9546795059477 40.3383761208726)"
"A-Injury","Fixed object","Fog/Smoke/Haze","Darkness","Dry","No Controls","Unincorporated","2007","0","1","1014","POINT (-87.9608012474204 40.2216706991369)"
"A-Injury","Fixed object","Snow","Daylight","Snow or slush","No Controls","Unincorporated","2007","0","1","1015","POINT (-87.9582714849523 40.0573905546666)"
"A-Injury","Fixed object","Clear","Darkness","Other","No Controls","Unincorporated","2007","0","1","1016","POINT (-88.1061424527553 40.0113030782578)"
"A-Injury","Fixed object","Clear","Darkness","Dry","No Controls","Unincorporated","2007","0","1","1017","POINT (-88.1274366616804 40.0258851815601)"
"A-Injury","Fixed object","Clear","Darkness","Dry","No Controls","Unincorporated","2007","0","1","1018","POINT (-88.4582082405629 40.0255271790467)"
"A-Injury","Fixed object","Rain","Darkness","ICE","No Controls","Unincorporated","2007","0","2","1019","POINT (-88.4436355953535 40.0985885914739)"
"A-Injury","Fixed object","Clear","Darkness","Dry","No Controls","Unincorporated","2007","0","2","1020","POINT (-88.1734976390862 40.2388326497681)"
"A-Injury","Fixed object","Clear","Daylight","Dry","No Controls","Unincorporated","2007","0","2","1021","POINT (-88.0404009997464 40.3857191352168)"
"A-Injury","Fixed object","Clear","Darkness","Dry","No Controls","Unincorporated","2007","0","1","1022","POINT (-88.1828904603524 40.2352217751933)"
"A-Injury","Overturned","Clear","Darkness","Dry","Lane Use Marking","Urbana","2000","0","1","288","POINT (-88.1884623440006 40.145826693217)"
"A-Injury","Overturned","Clear","Daylight","Dry","No passing","St. Joseph","2000","0","1","289","POINT (-88.0184337129719 40.1143397664826)"
"A-Injury","Fixed object","Rain","Daylight","Wet","Lane Use Marking","Unincorporated","2007","0","2","1023","POINT (-88.2573112920434 40.0176492696234)"
"A-Injury","Fixed object","Clear","Darkness","Dry","Other Warning Sign","Unincorporated","2007","0","1","1024","POINT (-88.2896047775962 40.1449549527175)"
"A-Injury","Fixed object","Fog/Smoke/Haze","Darkness","Dry","Lane Use Marking","Unincorporated","2007","0","1","1025","POINT (-87.9648693742589 40.119803689275)"
"A-Injury","Fixed object","Clear","Daylight","Dry","Lane Use Marking","Unincorporated","2007","0","1","1026","POINT (-88.1607166882584 39.9274333186021)"
"A-Injury","Fixed object","Snow","Darkness","Snow or slush","No Controls","Unincorporated","2007","0","2","1027","POINT (-88.2381896260567 40.0921325913405)"
"A-Injury","Fixed object","Clear","Daylight","Dry","No Controls","Unincorporated","2007","0","1","1028","POINT (-88.2760330482819 40.0837297279878)"
"A-Injury","Fixed object","Clear","Darkness","Dry","No Controls","Unincorporated","2007","0","3","1029","POINT (-88.3387078159048 40.1967745261)"
"A-Injury","Fixed object","Clear","Darkness, lighted road","Dry","No Controls","Unincorporated","2007","0","1","1030","POINT (-88.1137072564364 40.0257973689162)"
"A-Injury","Fixed object","Clear","Daylight","Dry","Lane Use Marking","Unincorporated","2007","0","2","1031","POINT (-88.194845164863 40.2446317299243)"
"A-Injury","Fixed object","Clear","Darkness","Dry","Lane Use Marking","Unincorporated","2007","0","1","1032","POINT (-88.3035279409879 39.9308232123231)"
"A-Injury","Other non collision","Clear","Daylight","Dry","No Controls","Unincorporated","2007","0","1","1033","POINT (-88.365165903512 40.1603398781934)"
"A-Injury","Parked motor vehicle","Clear","Darkness","Dry","Stop Sign/Flasher","Unincorporated","2007","0","3","1034","POINT (-88.3651917644643 40.2112407160078)"
"A-Injury","Parked motor vehicle","Snow","Darkness","Snow or slush","Lane Use Marking","Unincorporated","2007","0","2","1035","POINT (-87.9945375572209 40.1200525817891)"
"A-Injury","Turning","Clear","Daylight","Dry","Traffic Signal","Unincorporated","2007","0","2","1036","POINT (-88.2950269625208 40.069391321775)"
"A-Injury","Turning","Rain","Daylight","Wet","No Controls","Unincorporated","2007","0","3","1037","POINT (-88.0476577995498 40.0909514158076)"
"A-Injury","Turning","Clear","Daylight","Wet","Stop Sign/Flasher","Unincorporated","2007","0","2","1038","POINT (-88.258312104276 40.0103299559196)"
"A-Injury","Turning","Clear","Daylight","Dry","Stop Sign/Flasher","Unincorporated","2007","0","1","1039","POINT (-88.276040250659 40.0546595282383)"
"A-Injury","Turning","Clear","Daylight","Dry","Other Warning Sign","Unincorporated","2007","0","1","1040","POINT (-87.9585209290324 40.0766075698533)"
"A-Injury","Rear end","Clear","Darkness","Dry","Lane Use Marking","Unincorporated","2007","0","1","1041","POINT (-87.987168130973 40.119840213753)"
"A-Injury","Rear end","Clear","Daylight","Unknown","No Controls","Unincorporated","2007","0","2","1044","POINT (-88.3653196769091 40.1965091562693)"
"A-Injury","Rear end","Clear","Darkness","Dry","Lane Use Marking","Unincorporated","2007","0","1","1045","POINT (-88.3099741886533 40.1681858195672)"
"A-Injury","Rear end","Clear","Daylight","Dry","Lane Use Marking","Unincorporated","2007","0","3","1046","POINT (-88.1820501418416 40.1694370520306)"
"A-Injury","Rear end","Snow","Daylight","Snow or slush","Lane Use Marking","Unincorporated","2007","0","1","1047","POINT (-88.0122285196245 40.1201998234761)"
"A-Injury","Rear end","Snow","Daylight","ICE","Lane Use Marking","Unincorporated","2007","0","2","1048","POINT (-88.3035154012023 39.9897583607377)"
"A-Injury","Rear end","Clear","Daylight","Dry","Lane Use Marking","Unincorporated","2007","0","2","1049","POINT (-88.1863355104928 40.2652332103391)"
"A-Injury","Sideswipe same direction","Clear","Daylight","Dry","Lane Use Marking","Unincorporated","2007","0","1","1050","POINT (-88.1489234146251 40.1204853594899)"
"A-Injury","Sideswipe opposite","Rain","Darkness","Wet","Lane Use Marking","Unincorporated","2007","0","2","1051","POINT (-88.1624325613859 40.0986903038359)"
"A-Injury","Sideswipe opposite","Clear","Daylight","Dry","Lane Use Marking","Unincorporated","2007","0","1","1052","POINT (-88.3167429142227 40.1617876140643)"
"A-Injury","Head on","Clear","Daylight","Dry","No Controls","Unincorporated","2007","0","2","1054","POINT (-88.2249292669419 40.1872926262189)"
"A-Injury","Angle","Clear","Daylight","Dry","No Controls","Unincorporated","2007","0","2","1055","POINT (-88.0849714819924 39.909030427513)"
"A-Injury","Angle","Clear","Daylight","Dry","Stop Sign/Flasher","Unincorporated","2007","0","2","1056","POINT (-88.4074603971238 40.1132202567321)"
"A-Injury","Angle","Clear","Darkness","Dry","Stop Sign/Flasher","Unincorporated","2007","0","2","1057","POINT (-88.384565714608 40.2815832311793)"
"A-Injury","Angle","Clear","Daylight","Dry","Stop Sign/Flasher","Unincorporated","2007","0","4","1058","POINT (-88.2126382688677 40.2386936645632)"
"A-Injury","Angle","Clear","Daylight","Dry","Stop Sign/Flasher","Unincorporated","2007","0","2","1059","POINT (-88.2902403265637 40.3550802091416)"
"A-Injury","Angle","Clear","Daylight","Dry","No Controls","Unincorporated","2007","0","2","1060","POINT (-88.3651690193149 40.204880379047)"
"A-Injury","Angle","Clear","Daylight","Dry","Stop Sign/Flasher","Unincorporated","2007","0","3","1061","POINT (-88.3845900129298 40.3108300035381)"
"A-Injury","Angle","Clear","Darkness","Dry","Stop Sign/Flasher","Unincorporated","2007","0","1","1062","POINT (-88.3135170755969 40.025480828236)"
"A-Injury","Unknown","Rain","Darkness","Wet","No Controls","Unincorporated","2007","0","1","1063","POINT (-88.2056960080738 40.1274559985396)"
"A-Injury","Overturned","Clear","Darkness","Dry","No Controls","Bondville","2007","0","2","1064","POINT (-88.359940379304 40.1131763323286)"
"A-Injury","Fixed object","Clear","Darkness","Wet","No Passing","Broadlands","2007","0","1","1065","POINT (-88.002612651718 39.9082482472868)"
"A-Injury","Overturned","Clear","Daylight","Dry","Lane Use Marking","Champaign","2007","0","3","1066","POINT (-88.3070004450569 40.1185289881077)"
"A-Injury","Rear end","Rain","Dusk","Wet","No Controls","Champaign","2006","0","2","898","POINT (-88.2451364292602 40.1089299533004)"
"A-Injury","Overturned","Clear","Daylight","Dry","Lane Use Marking","Champaign","2007","0","1","1067","POINT (-88.2862166735568 40.1471166581767)"
"A-Injury","Fixed object","Clear","Daylight","Dry","Lane Use Marking","Champaign","2007","0","2","1068","POINT (-88.2863548880237 40.1467418045471)"
"A-Injury","Overturned","Clear","Darkness","Dry","No Controls","Unincorporated","1999","0","2","429","POINT (-88.001190450865 40.12003359657)"
"A-Injury","Rear end","Clear","Darkness, lighted road","Unknown","Traffic signal","Champaign","1999","0","2","430","POINT (-88.2578465808394 40.1182575235972)"
"A-Injury","Angle","Snow","Daylight","Snow or slush","No Controls","Mahomet","2000","0","1","290","POINT (-88.3937934838254 40.1965526191713)"
"A-Injury","Fixed object","Clear","Daylight","Dry","No Controls","Champaign","2007","0","1","1069","POINT (-88.2578883836708 40.1153317673231)"
"A-Injury","Fixed object","Clear","Darkness","Dry","No Controls","Champaign","2007","0","1","1070","POINT (-88.2975161221292 40.1092840571465)"
"A-Injury","Angle","Rain","Daylight","Wet","Stop Sign/Flasher","Champaign","2007","0","3","1119","POINT (-88.2862689475474 40.0914597572092)"
"A-Injury","Fixed object","Snow","Darkness","Snow or slush","No Controls","Champaign","2007","0","2","1071","POINT (-88.2646292337985 40.1163503514938)"
"A-Injury","Fixed object","Rain","Daylight","Wet","Lane Use Marking","Champaign","2007","0","1","1072","POINT (-88.3148080601528 40.1199977245879)"
"A-Injury","Fixed object","Clear","Daylight","Dry","No Controls","Champaign","2007","0","1","1073","POINT (-88.2565583465071 40.1360434958012)"
"A-Injury","Parked motor vehicle","Clear","Daylight","Dry","No Controls","Champaign","2007","0","1","1074","POINT (-88.2662370340083 40.12799314931)"
"A-Injury","Parked motor vehicle","Clear","Daylight","Dry","Lane Use Marking","Champaign","2007","0","1","1075","POINT (-88.2492475508072 40.1346731964234)"
"A-Injury","Turning","Clear","Daylight","Dry","No Controls","Champaign","2007","0","1","1076","POINT (-88.2828086446203 40.1111404141893)"
"A-Injury","Turning","Clear","Darkness","Wet","Stop Sign/Flasher","Champaign","2007","0","1","1077","POINT (-88.2335495697632 40.1066008504429)"
"A-Injury","Turning","Clear","Daylight","Dry","Traffic Signal","Champaign","2007","0","1","1078","POINT (-88.2435310437051 40.1211423010021)"
"A-Injury","Turning","Clear","Daylight","Dry","Traffic Signal","Champaign","2007","0","1","1079","POINT (-88.2446040129779 40.0981081872114)"
"A-Injury","Turning","Rain","Daylight","Wet","Traffic Signal","Champaign","2007","0","1","1080","POINT (-88.2435325628163 40.1211416617469)"
"A-Injury","Turning","Clear","Daylight","Dry","Traffic Signal","Champaign","2007","0","2","1081","POINT (-88.2483421427047 40.1418527573236)"
"A-Injury","Turning","Clear","Daylight","Dry","Traffic Signal","Champaign","2007","0","1","1082","POINT (-88.2437307188836 40.1359596384114)"
"A-Injury","Turning","Clear","Daylight","Dry","No Controls","Champaign","2007","0","2","1083","POINT (-88.2769890023852 40.1274122446371)"
"A-Injury","Turning","Clear","Daylight","Dry","Traffic Signal","Champaign","2007","0","2","1084","POINT (-88.2468593238754 40.1271718569055)"
"A-Injury","Turning","Clear","Darkness","Dry","Stop Sign/Flasher","Champaign","2007","0","1","1085","POINT (-88.2767513026559 40.1103310604065)"
"A-Injury","Turning","Clear","Daylight","Dry","Lane Use Marking","Champaign","2007","0","2","1086","POINT (-88.2387491377119 40.1126219750527)"
"A-Injury","Turning","Unknown","Daylight","Dry","No Controls","Champaign","2007","0","2","1087","POINT (-88.2769913127788 40.1309519177512)"
"A-Injury","Turning","Rain","Daylight","Wet","Traffic Signal","Champaign","2007","0","3","1088","POINT (-88.2817420134059 40.1185004901925)"