"crash_severity","collision_type","weather","light","road_surface","traffic_control","city","year","fatality","injury","id","Geometry"
"A-Injury","Turning","Clear","Daylight","Unknown","No Controls","Champaign","2007","0","1","1091","POINT (-88.2388100094233 40.1163931452971)"
"A-Injury","Angle","Clear","Daylight","Unknown","Stop Sign/Flasher","Savoy","2005","0","1","600","POINT (-88.2513910394785 40.0743176048519)"
"A-Injury","Turning","Clear","Daylight","Dry","Traffic Signal","Champaign","2007","0","1","1092","POINT (-88.2860259263499 40.1129193443347)"
"A-Injury","Turning","Rain","Darkness, lighted road","Wet","Traffic Signal","Champaign","2007","0","3","1093","POINT (-88.2817408002825 40.1185041595858)"
"A-Injury","Turning","Clear","Daylight","Dry","Stop Sign/Flasher","Champaign","2007","0","2","1094","POINT (-88.2950796310593 40.0984686550784)"
"A-Injury","Rear end","Clear","Daylight","Dry","Traffic Signal","Champaign","2007","0","2","1095","POINT (-88.2579804260096 40.1322295056141)"
"A-Injury","Rear end","Clear","Daylight","Wet","No Controls","Champaign","2007","0","1","1096","POINT (-88.2458612336395 40.0903082264102)"
"A-Injury","Rear end","Clear","Daylight","Dry","No Controls","Champaign","2007","0","2","1097","POINT (-88.2579496117378 40.1270614396088)"
"A-Injury","Rear end","Clear","Darkness, lighted road","Dry","Traffic Signal","Champaign","2007","0","1","1098","POINT (-88.2579508174828 40.1423011611674)"
"A-Injury","Rear end","Rain","Daylight","Wet","Traffic Signal","Champaign","2007","0","2","1099","POINT (-88.2576499804883 40.0981624809128)"
"A-Injury","Rear end","Clear","Daylight","Dry","Lane Use Marking","Champaign","2007","0","1","1100","POINT (-88.2767491715201 40.1110489297074)"
"A-Injury","Rear end","Sleet","Daylight","ICE","No Controls","Champaign","2007","0","1","1102","POINT (-88.2623253066529 40.1487272192134)"
"A-Injury","Rear end","Clear","Daylight","Dry","No Controls","Champaign","2007","0","2","1103","POINT (-88.2390099849827 40.139701946787)"
"A-Injury","Rear end","Fog/Smoke/Haze","Daylight","ICE","No Controls","Champaign","2007","0","1","1104","POINT (-88.277067228556 40.1432557079186)"
"A-Injury","Rear end","Snow","Daylight","Snow or slush","Stop Sign/Flasher","Champaign","2007","0","2","1105","POINT (-88.295211522821 40.0933033436063)"
"A-Injury","Rear end","Clear","Darkness, lighted road","Dry","No Controls","Champaign","2007","0","1","1106","POINT (-88.233765985941 40.1126502165713)"
"A-Injury","Rear end","Clear","Daylight","Dry","Stop Sign/Flasher","Champaign","2007","0","1","1107","POINT (-88.3145688473172 40.1277984599002)"
"A-Injury","Rear end","Clear","Daylight","Dry","Lane Use Marking","Champaign","2007","0","1","1108","POINT (-88.2843012024425 40.1466746899161)"
"A-Injury","Rear end","Rain","Daylight","Wet","No Controls","Champaign","2007","0","1","1109","POINT (-88.2670514978252 40.1273195078564)"
"A-Injury","Rear end","Clear","Daylight","Wet","No Controls","Champaign","2007","0","1","1110","POINT (-88.2612147341652 40.1126699084371)"
"A-Injury","Rear end","Clear","Darkness, lighted road","ICE","No Controls","Champaign","2007","0","2","1111","POINT (-88.26620718832 40.0836769977214)"
"A-Injury","Rear end","Clear","Daylight","Dry","Traffic Signal","Champaign","2007","0","3","1112","POINT (-88.3143001213724 40.0986937030442)"
"A-Injury","Sideswipe same direction","Snow","Daylight","Snow or slush","No Controls","Champaign","2007","0","1","1113","POINT (-88.2374661839303 40.1164050627452)"
"A-Injury","Sideswipe same direction","Clear","Daylight","Dry","Traffic Signal","Champaign","2007","0","1","1114","POINT (-88.2436195613162 40.1272108205502)"
"A-Injury","Turning","Clear","Daylight","Dry","Traffic signal","Urbana","1999","0","6","431","POINT (-88.1921736899276 40.1395660925544)"
"A-Injury","Overturned","Clear","Daylight","Dry","Lane Use Marking","Unincorporated","1999","0","1","432","POINT (-88.1824213995815 40.2060791458896)"
"A-Injury","Sideswipe same direction","Clear","Daylight","Dry","No Controls","Champaign","2007","0","1","1115","POINT (-88.2578901209261 40.1153285874231)"
"A-Injury","Turning","Clear","Daylight","Dry","Traffic signal","Urbana","2000","0","1","291","POINT (-88.2195613721625 40.1341663829274)"
"A-Injury","Overturned","Clear","Darkness","Dry","Lane Use Marking","Champaign","2000","0","1","292","POINT (-88.3048411222464 40.1022329981483)"
"A-Injury","Sideswipe opposite","Clear","Daylight","Dry","No Controls","Champaign","2007","0","1","1116","POINT (-88.276551138823 40.1010191475465)"
"A-Injury","Head on","Rain","Darkness, lighted road","Wet","No Controls","Champaign","2007","0","3","1117","POINT (-88.2451242625018 40.094747995896)"
"A-Injury","Head on","Clear","Daylight","ICE","Lane Use Marking","Champaign","2007","0","2","1118","POINT (-88.2842173595129 40.146335301775)"
"A-Injury","Angle","Clear","Daylight","Dry","Stop Sign/Flasher","Champaign","2007","0","2","1120","POINT (-88.2414195951519 40.0945137300847)"
"A-Injury","Angle","Clear","Daylight","Dry","Stop Sign/Flasher","Champaign","2007","0","1","1121","POINT (-88.2578189233119 40.1117007081683)"
"A-Injury","Angle","Clear","Daylight","Dry","Traffic Signal","Champaign","2007","0","2","1122","POINT (-88.2767810166107 40.1128501932043)"
"A-Injury","Angle","Clear","Daylight","Dry","Traffic Signal","Champaign","2007","0","1","1123","POINT (-88.2769966848162 40.1274110586469)"
"A-Injury","Angle","Clear","Daylight","Dry","Stop Sign/Flasher","Champaign","2007","0","1","1124","POINT (-88.2788289218144 40.1256803317352)"
"A-Injury","Angle","Clear","Daylight","Dry","No Controls","Champaign","2007","0","1","1125","POINT (-88.2773477750964 40.1274223731947)"
"A-Injury","Angle","Clear","Daylight","Dry","Stop Sign/Flasher","Champaign","2007","0","2","1126","POINT (-88.2688997527026 40.1273111870775)"
"A-Injury","Angle","Clear","Daylight","Dry","Traffic Signal","Champaign","2007","0","2","1127","POINT (-88.2333289813959 40.0981008488475)"
"A-Injury","Angle","Clear","Daylight","Dry","Stop Sign/Flasher","Champaign","2007","0","1","1128","POINT (-88.2320508410524 40.1103028908707)"
"A-Injury","Angle","Clear","Daylight","Dry","Traffic Signal","Champaign","2007","0","1","1129","POINT (-88.2435337105053 40.1211395876116)"
"A-Injury","Angle","Clear","Daylight","Dry","Traffic Signal","Champaign","2007","0","3","1130","POINT (-88.2437284003033 40.1379920093783)"
"A-Injury","Angle","Clear","Daylight","Snow or slush","No Controls","Champaign","2007","0","1","1131","POINT (-88.2765588182045 40.1090109028929)"
"A-Injury","Angle","Clear","Daylight","Dry","Traffic Signal","Champaign","2007","0","1","1132","POINT (-88.2408586776982 40.1163813132471)"
"A-Injury","Angle","Clear","Daylight","Dry","Stop Sign/Flasher","Champaign","2007","0","5","1133","POINT (-88.2545810202741 40.1314736028775)"
"A-Injury","Angle","Clear","Daylight","Dry","Stop Sign/Flasher","Champaign","2007","0","3","1134","POINT (-88.2769929087708 40.1309529075875)"
"A-Injury","Angle","Clear","Daylight","Dry","Stop Sign/Flasher","Champaign","2007","0","3","1135","POINT (-88.2321174697654 40.1202609419564)"
"A-Injury","Angle","Clear","Daylight","Dry","Traffic Signal","Champaign","2007","0","1","1136","POINT (-88.2387092443107 40.1102303675156)"
"A-Injury","Angle","Snow","Daylight","Snow or slush","Stop Sign/Flasher","Champaign","2007","0","4","1138","POINT (-88.2955388718708 40.1223995071925)"
"A-Injury","Angle","Clear","Darkness, lighted road","Dry","Traffic Signal","Champaign","2007","0","3","1139","POINT (-88.243493162767 40.1102207586163)"
"A-Injury","Angle","Clear","Daylight","Dry","Stop Sign/Flasher","Champaign","2007","0","1","1140","POINT (-88.24108840582 40.1272190991056)"
"A-Injury","Angle","Clear","Daylight","Dry","No Controls","Rantoul","2005","0","1","625","POINT (-88.1633697296594 40.2838068156314)"
"A-Injury","Unknown","Clear","Daylight","Dry","No Controls","Champaign","2007","0","1","1141","POINT (-88.2577713355649 40.1054334270971)"
"A-Injury","Unknown","Clear","Daylight","Wet","Stop Sign/Flasher","Champaign","2007","0","1","1142","POINT (-88.2708296515318 40.1183930960718)"
"A-Injury","Unknown","Clear","Daylight","Dry","Traffic Signal","Champaign","2007","0","1","1143","POINT (-88.2580042653602 40.1465021316114)"
"A-Injury","Unknown","Clear","Daylight","Dry","Traffic Signal","Champaign","2007","0","1","1144","POINT (-88.2451420538219 40.1102095693649)"
"A-Injury","Unknown","Rain","Daylight","Wet","No Controls","Champaign","2007","0","1","1145","POINT (-88.2500885189161 40.1181050454494)"
"A-Injury","Unknown","Clear","Daylight","Dry","No Controls","Champaign","2007","0","1","1146","POINT (-88.268901176099 40.1273122038319)"
"A-Injury","Unknown","Fog/Smoke/Haze","Darkness","ICE","No Controls","Champaign","2007","0","1","1147","POINT (-88.2320601031212 40.1079798707699)"
"A-Injury","Unknown","Clear","Daylight","Dry","Traffic Signal","Champaign","2007","0","1","1148","POINT (-88.245233254143 40.1183108886021)"
"A-Injury","Unknown","Clear","Darkness","Dry","Stop Sign/Flasher","Champaign","2007","0","1","1149","POINT (-88.2625590073818 40.1163505719297)"
"A-Injury","Rear end","Clear","Darkness","Dry","No Controls","Mahomet","2007","0","4","1150","POINT (-88.3653093422445 40.1930071384624)"
"A-Injury","Overturned","Clear","Daylight","Dry","Other Warning Sign","Ogden","2007","0","2","1152","POINT (-87.9612340099243 40.1198631686291)"
"A-Injury","Turning","Clear","Daylight","Dry","Lane Use Marking","Pesotum","2007","0","1","1153","POINT (-88.2808098006753 39.904909588579)"
"A-Injury","Overturned","Clear","Daylight","Dry","No Controls","Rantoul","2007","0","1","1154","POINT (-88.1557893870442 40.3160583472146)"
"A-Injury","Fixed object","Severe cross wind","Daylight","Dry","No Controls","Rantoul","2007","0","3","1155","POINT (-88.1304927559154 40.3121690920512)"
"A-Injury","Unknown","Rain","Darkness, lighted road","Wet","No Controls","Rantoul","2007","0","1","1156","POINT (-88.1364874527306 40.3143276256408)"
"A-Injury","Turning","Clear","Daylight","Dry","No Controls","Urbana","2007","0","1","1176","POINT (-88.190721 40.139557)"
"A-Injury","Parked motor vehicle","Clear","Daylight","ICE","Lane Use Marking","St. Joseph","2007","0","1","1157","POINT (-88.0462569235174 40.120479037248)"
"A-Injury","Rear end","Snow","Daylight","Snow or slush","Lane Use Marking","St. Joseph","2007","0","1","1158","POINT (-88.0252824224563 40.1203054530783)"
"A-Injury","Angle","Clear","Dusk","Dry","Lane Use Marking","St. Joseph","2007","0","1","1159","POINT (-88.0430833677139 40.1194166462046)"
"A-Injury","Overturned","Clear","Daylight","Sand, mud, dirt","Traffic Signal","Savoy","2007","0","1","1160","POINT (-88.2491691838204 40.0690019176691)"
"A-Injury","Overturned","Clear","Daylight","Dry","Lane Use Marking","Tolono","2007","0","1","1161","POINT (-88.2641584331331 39.9742344132803)"
"A-Injury","Pedestrian","Clear","Daylight","Dry","Traffic signal","Champaign","1999","0","1","433","POINT (-88.2578465808394 40.1182575235972)"
"A-Injury","Overturned","Clear","Daylight","Sand, mud, dirt","No Controls","Unincorporated","1999","0","1","434","POINT (-88.1449940481123 40.3422124788197)"
"A-Injury","Overturned","Clear","Daylight","Dry","Lane Use Marking","Urbana","2007","0","3","1162","POINT (-88.1778454691913 40.1233859833921)"
"A-Injury","Overturned","Clear","Daylight","Dry","No Controls","Urbana","2007","0","1","1163","POINT (-88.1626218353641 40.1169126398707)"
"A-Injury","Fixed object","Rain","Daylight","Wet","Stop Sign/Flasher","Urbana","2007","0","1","1164","POINT (-88.2077197272199 40.1274801009176)"
"A-Injury","Fixed object","Clear","Daylight","Dry","No Controls","Urbana","2007","0","1","1165","POINT (-88.1626260612232 40.115207621305)"
"A-Injury","Fixed object","Clear","Daylight","Dry","No Controls","Urbana","2007","0","2","1166","POINT (-88.2192371820504 40.1054323982584)"
"A-Injury","Fixed object","Clear","Darkness, lighted road","Dry","Traffic Signal","Urbana","2007","0","1","1167","POINT (-88.21954920919 40.1274100527874)"
"A-Injury","Fixed object","Clear","Daylight","Dry","Lane Use Marking","Urbana","2007","0","1","1168","POINT (-88.1975655634283 40.1350483917498)"
"A-Injury","Parked motor vehicle","Clear","Daylight","Dry","No Controls","Urbana","2007","0","2","1169","POINT (-88.2072988737839 40.1085675739047)"
"A-Injury","Parked motor vehicle","Clear","Daylight","Wet","No Controls","Urbana","2007","0","3","1170","POINT (-88.1840097733877 40.0987341180544)"
"A-Injury","Turning","Clear","Daylight","Dry","No Controls","Urbana","2007","0","2","1171","POINT (-88.2243218208538 40.1273608240827)"
"A-Injury","Turning","Clear","Daylight","Dry","No Controls","Urbana","2007","0","2","1172","POINT (-88.2050001943013 40.1135688260002)"
"A-Injury","Turning","Clear","Daylight","Dry","Stop Sign/Flasher","Urbana","2007","0","1","1173","POINT (-88.2207395979397 40.1163971960967)"
"A-Injury","Turning","Clear","Daylight","Dry","Stop Sign/Flasher","Urbana","2007","0","2","1174","POINT (-88.1784390573706 40.1129947345958)"
"A-Injury","Turning","Clear","Daylight","Dry","No Controls","Urbana","2007","0","1","1175","POINT (-88.2024525972295 40.1163008733183)"
"A-Injury","Turning","Clear","Daylight","Dry","No Controls","Urbana","2007","0","1","1177","POINT (-88.2074939688431 40.1158760307119)"
"A-Injury","Rear end","Clear","Daylight","Dry","Traffic Signal","Urbana","2007","0","1","1178","POINT (-88.2194628955834 40.1164205773023)"
"A-Injury","Rear end","Clear","Daylight","Dry","Traffic Signal","Urbana","2007","0","1","1179","POINT (-88.2049482001446 40.1092713009201)"
"A-Injury","Rear end","Clear","Dawn","Dry","No Controls","Urbana","2007","0","3","1180","POINT (-88.167071127578 40.1058619942812)"
"A-Injury","Rear end","Clear","Dusk","Dry","No Controls","Urbana","2007","0","1","1181","POINT (-88.2194917101719 40.1238595745715)"
"A-Injury","Sideswipe same direction","Fog/Smoke/Haze","Daylight","Dry","Yield","Urbana","2007","0","1","1182","POINT (-88.2127671734539 40.1164695305539)"
"A-Injury","Angle","Clear","Darkness, lighted road","Dry","Traffic Signal","Urbana","2007","0","2","1183","POINT (-88.2049997505706 40.1162761251916)"
"A-Injury","Angle","Clear","Daylight","Dry","Traffic Signal","Urbana","2007","0","1","1184","POINT (-88.1784414856426 40.1140907408361)"
"A-Injury","Angle","Clear","Daylight","Dry","Traffic Signal","Urbana","2007","0","1","1185","POINT (-88.2156206853926 40.116440213576)"
"A-Injury","Unknown","Clear","Daylight","Dry","Traffic Signal","Urbana","2007","0","1","1186","POINT (-88.219401969333 40.1128423336743)"
"A-Injury","Unknown","Clear","Dusk","Dry","Traffic Signal","Urbana","2007","0","1","1188","POINT (-88.2195085825499 40.1200907213728)"
"A-Injury","Unknown","Clear","Daylight","Dry","Traffic Signal","Urbana","2007","0","1","1189","POINT (-88.2089190150263 40.1124915473748)"
"A-Injury","Sideswipe - same dir","Clear","Darkness","Dry","Lane Use Marking","Unincorporated","2003","0","1","94","POINT (-88.141706268871 40.3742122832618)"
"A-Injury","Unknown","Clear","Daylight","Dry","No Controls","Urbana","2007","0","1","1190","POINT (-88.2194976560578 40.1206386616805)"
"A-Injury","Unknown","Clear","Daylight","Dry","Traffic Signal","Urbana","2007","0","1","1191","POINT (-88.2192508406763 40.1059790852007)"
"A-Injury","Unknown","Clear","Daylight","Dry","Traffic Signal","Urbana","2007","0","1","1192","POINT (-88.204995205202 40.1162792641262)"
"A-Injury","Unknown","Clear","Daylight","Unknown","No Controls","Urbana","2007","0","1","1193","POINT (-88.2217103700922 40.1090800166509)"
"A-Injury","Overturned","Clear","Daylight","Wet","Lane Use Marking","Unincorporated","2008","0","1","1194","POINT (-88.2930509487165 39.8818621799639)"
"A-Injury","Head on","Snow","Dusk","Snow or slush","Lane Use Marking","Unincorporated","2008","0","1","1195","POINT (-88.3030891750266 39.9488287697635)"
"A-Injury","Angle","Clear","Daylight","Snow or slush","Stop Sign/Flasher","Champaign","2008","0","2","1196","POINT (-88.2500116175084 40.1090093964038)"
"A-Injury","PARKED MOTOR VEHICLE","Snow","Daylight","Snow or slush","No Controls","Champaign","2008","0","1","1197","POINT (-88.3223467120599 40.0969953650989)"
"A-Injury","Turning","Clear","Daylight","Dry","No Controls","Champaign","2008","0","2","1198","POINT (-88.2531983588283 40.1271896729577)"
"A-Injury","PARKED MOTOR VEHICLE","SEVERE CROSS WIND","Darkness","Dry","No Controls","Unincorporated","2008","0","2","1199","POINT (-88.0615710642772 40.1204187611536)"
"A-Injury","Turning","Clear","Daylight","Wet","No Controls","Champaign","2008","0","1","1201","POINT (-88.2387313544736 40.1156520935822)"
"A-Injury","Turning","Clear","Daylight","Dry","Traffic Signal","Champaign","2008","0","1","1202","POINT (-88.2578400091986 40.116319489117)"
"A-Injury","Angle","Clear","Daylight","Dry","Traffic Signal","Urbana","2008","0","3","1203","POINT (-88.2193810318502 40.1164311332551)"
"A-Injury","Fixed object","Clear","Darkness, lighted road","Dry","Traffic Signal","Champaign","2008","0","1","1204","POINT (-88.2767707467697 40.1128502620329)"
"A-Injury","Turning","Snow","Daylight","Snow or slush","Lane Use Marking","Unincorporated","2008","0","1","1205","POINT (-88.3150582382125 40.1606312127145)"
"A-Injury","Angle","Snow","Daylight","Snow or slush","Lane Use Marking","Urbana","2008","0","1","1206","POINT (-88.1726691205008 40.1210087188572)"
"A-Injury","Pedestrian","Rain","Darkness, lighted road","Wet","Stop Sign/Flasher","Urbana","2008","0","1","1207","POINT (-88.2144568567194 40.1183410234458)"
"A-Injury","Fixed object","Rain","Daylight","Ice","No Controls","Unincorporated","2008","0","2","1208","POINT (-88.2899595997079 40.3183342745879)"
"A-Injury","Rear end","Clear","Darkness, lighted road","Dry","Traffic signal","Urbana","1999","0","2","435","POINT (-88.2269356648049 40.1164076697114)"
"A-Injury","Turning","Clear","Darkness","Dry","Stop Sign/Flasher","Champaign","2008","0","2","1209","POINT (-88.2320504653094 40.110299991431)"
"A-Injury","Pedalcyclist","Clear","Daylight","Dry","Stop Sign/Flasher","Champaign","2008","0","1","1210","POINT (-88.2578104589552 40.1153308230046)"
"A-Injury","Rear end","Clear","Daylight","Dry","Traffic Signal","Rantoul","2008","0","3","1211","POINT (-88.155799676328 40.3081906655675)"
"A-Injury","Rear end","Clear","Daylight","Dry","No Controls","Champaign","2010","0","2","1721","POINT (-88.2354149370112 40.1163402150074)"
"A-Injury","Pedestrian","Clear","Daylight","Dry","Traffic Signal","Champaign","2008","0","1","1212","POINT (-88.2579034539181 40.1182694417485)"
"A-Injury","Rear end","Clear","Daylight","Snow or slush","No Controls","Champaign","2008","0","1","1213","POINT (-88.2302995138192 40.1068697460735)"
"A-Injury","Turning","Clear","Daylight","Unknown","Stop sign / flasher","Champaign","2000","0","2","293","POINT (-88.3145129624667 40.1132597945671)"
"A-Injury","Angle","Snow","Daylight","Snow or slush","Traffic Signal","Champaign","2008","0","2","1214","POINT (-88.2451490298286 40.1125905467255)"
"A-Injury","Rear end","Snow","Daylight","Snow or slush","Traffic Signal","Champaign","2008","0","1","1215","POINT (-88.257790646342 40.1101590277394)"
"A-Injury","Fixed object","Clear","Darkness","Dry","No Controls","Unincorporated","2008","0","1","1216","POINT (-88.1705574110777 40.0110006109141)"
"A-Injury","Fixed object","Clear","Daylight","Dry","Lane Use Marking","Unincorporated","2008","0","1","1217","POINT (-87.987016238915 40.1200126184813)"
"A-Injury","Rear end","Clear","Daylight","Wet","Stop Sign/Flasher","Champaign","2008","0","1","1218","POINT (-88.2627089998404 40.1272311890865)"
"A-Injury","Rear end","FOG/SMOKE/HAZE","Daylight","Wet","Stop Sign/Flasher","Unincorporated","2008","0","1","1219","POINT (-88.0665285360445 39.9818195432653)"
"A-Injury","Pedestrian","Clear","Daylight","Dry","No Controls","Champaign","2008","0","1","1220","POINT (-88.2350448087219 40.1102729055467)"
"A-Injury","SIDESWIPE OPPOSITE DIRECTION","Clear","Daylight","Dry","Lane Use Marking","Unincorporated","2008","0","1","1221","POINT (-88.0112427541642 40.1115880298996)"
"A-Injury","Rear end","Clear","Daylight","Dry","Lane Use Marking","Unincorporated","2008","0","1","1222","POINT (-88.3017242626669 39.924464755615)"
"A-Injury","Turning","Clear","Daylight","Dry","Traffic Signal","Champaign","2008","0","2","1223","POINT (-88.2581194231064 40.1568090833219)"
"A-Injury","Fixed object","Clear","Daylight","Dry","No Controls","Unincorporated","2008","0","2","1224","POINT (-88.098409946264 40.3234094456989)"
"A-Injury","Fixed object","Snow","Daylight","Ice","No Controls","Unincorporated","2008","0","1","1225","POINT (-88.1019764153491 40.0258394252034)"
"A-Injury","Fixed object","Clear","Darkness","Dry","No Controls","Unincorporated","2008","0","1","1226","POINT (-87.9598155074269 40.141918040663)"
"A-Injury","Angle","Clear","Daylight","Dry","Stop Sign/Flasher","Champaign","2008","0","1","1227","POINT (-88.2353909059743 40.1126505256805)"
"A-Injury","Fixed object","Clear","Daylight","Dry","No Controls","Unincorporated","2008","0","1","1228","POINT (-88.3518034821907 40.1566490476403)"
"A-Injury","SIDESWIPE SAME DIRECTION","Clear","Darkness, lighted road","Dry","No Controls","Champaign","2008","0","1","1229","POINT (-88.2625585333191 40.1163505230516)"
"A-Injury","PARKED MOTOR VEHICLE","Clear","Daylight","Dry","No Controls","Champaign","2008","0","4","1230","POINT (-88.288852099379 40.0935268410522)"
"A-Injury","Angle","Clear","Daylight","Dry","Stop Sign/Flasher","THOMASBORO","2008","0","1","1231","POINT (-88.1830090836122 40.2388013413109)"
"A-Injury","Fixed object","Clear","Daylight","Dry","Lane Use Marking","Unincorporated","2008","0","1","1232","POINT (-88.3233451204385 40.1203908241576)"
"A-Injury","Angle","Rain","Daylight","Wet","Stop Sign/Flasher","Champaign","2008","0","1","1233","POINT (-88.2815120657355 40.0870573426647)"
"A-Injury","Fixed object","Clear","Daylight","Dry","No Controls","Champaign","2008","0","1","1235","POINT (-88.2816320233082 40.1110757570861)"
"A-Injury","Turning","Clear","Daylight","Dry","Lane Use Marking","Unincorporated","2003","0","5","95","POINT (-88.1611959509165 39.9526789861119)"
"A-Injury","Rear end","Rain","Daylight","Wet","Lane Use Marking","Unincorporated","2008","0","1","1236","POINT (-87.9451103028431 40.1199894526119)"
"A-Injury","Fixed object","Rain","Daylight","Wet","Lane Use Marking","Urbana","2008","0","1","1237","POINT (-88.196988011614 40.1342496577002)"
"A-Injury","Pedalcyclist","Clear","Daylight","Dry","No Controls","Champaign","2008","0","1","1239","POINT (-88.2435300201306 40.1199310733712)"
"A-Injury","Turning","Clear","Daylight","Dry","Traffic Signal","Champaign","2008","0","1","1240","POINT (-88.2437286798959 40.1359702589919)"
"A-Injury","Angle","Rain","Daylight","Wet","No Controls","Unincorporated","2008","0","2","1241","POINT (-88.1037608406865 39.8946302091581)"
"A-Injury","Overturned","Clear","Daylight","Dry","No Controls","Unincorporated","2008","0","2","1242","POINT (-87.9951896400807 40.1867790815039)"
"A-Injury","Fixed object","Clear","Darkness, lighted road","Dry","No Controls","Champaign","2008","0","1","1243","POINT (-88.2433690203954 40.1348681628906)"
"A-Injury","SIDESWIPE SAME DIRECTION","Clear","Daylight","Dry","Lane Use Marking","Unincorporated","2008","0","2","1244","POINT (-88.3036288532877 40.0010125876101)"
"A-Injury","Rear end","Clear","Daylight","Dry","Lane Use Marking","Unincorporated","2008","0","2","1245","POINT (-88.1606039685631 39.9017157065198)"
"A-Injury","Rear end","Clear","Daylight","Dry","Lane Use Marking","Champaign","2008","0","3","1246","POINT (-88.2697656889859 40.1587230341984)"
"A-Injury","SIDESWIPE OPPOSITE DIRECTION","Clear","Daylight","Dry","No Controls","Urbana","2008","0","2","1247","POINT (-88.1679417548738 40.1133199771964)"
"A-Injury","Angle","Clear","Daylight","Dry","Stop Sign/Flasher","Urbana","2008","0","1","1250","POINT (-88.2049505325442 40.1007802374263)"
"A-Injury","SIDESWIPE SAME DIRECTION","Clear","Daylight","Wet","No Controls","Urbana","2008","0","1","1251","POINT (-88.2074525847692 40.1164051817504)"
"A-Injury","Head on","Clear","Daylight","Snow or slush","No Controls","Urbana","2008","0","1","1252","POINT (-88.2194866730592 40.1241076605652)"
"A-Injury","Angle","Clear","Daylight","Snow or slush","Stop Sign/Flasher","Urbana","2008","0","1","1253","POINT (-88.1945100021361 40.1394200011428)"
"A-Injury","Fixed object","Clear","Darkness, lighted road","Dry","Stop Sign/Flasher","Urbana","2008","0","2","1254","POINT (-88.1955510588758 40.0983807414333)"
"A-Injury","Rear end","Clear","Darkness, lighted road","Dry","Traffic Signal","Champaign","2008","0","1","1255","POINT (-88.2451489490525 40.1125869277862)"
"A-Injury","Fixed object","Clear","Daylight","Dry","No Controls","Unincorporated","2008","0","1","1256","POINT (-88.1801965159177 40.1143604480735)"
"A-Injury","Fixed object","Clear","Darkness, lighted road","Dry","Stop Sign/Flasher","Urbana","2008","0","1","1257","POINT (-88.1877807419806 40.1274706357345)"
"A-Injury","Turning","Rain","Darkness, lighted road","Wet","Traffic signal","Champaign","1999","0","6","436","POINT (-88.2769570957819 40.1274234623449)"
"A-Injury","Turning","Clear","Daylight","Dry","No Controls","Rantoul","1999","0","2","437","POINT (-88.1327221498801 40.3121521288532)"
"A-Injury","Angle","Clear","Daylight","Dry","No Controls","Unincorporated","2008","0","3","1258","POINT (-88.1045816203969 40.0549089824834)"
"A-Injury","Overturned","Clear","Daylight","Dry","No Controls","Unincorporated","2008","0","1","1259","POINT (-88.4410690653363 40.1825982313747)"
"A-Injury","Rear end","Clear","Daylight","Dry","No Controls","Unincorporated","2008","0","2","1260","POINT (-88.0812317643962 40.0259000124822)"
"A-Injury","Overturned","Clear","Daylight","Dry","No Controls","Unincorporated","2008","0","1","1261","POINT (-88.071654937919 40.1495348570162)"
"A-Injury","Angle","Clear","Daylight","Dry","Stop Sign/Flasher","Unincorporated","2008","0","4","1262","POINT (-88.2378607252645 40.0104687411648)"
"A-Injury","Fixed object","Clear","Daylight","Dry","Lane Use Marking","Urbana","2000","0","1","294","POINT (-88.2202504060083 40.1350292565106)"
"A-Injury","Rear end","Clear","Daylight","Wet","No Controls","Champaign","2008","0","1","1263","POINT (-88.27726184028 40.1400601144227)"
"A-Injury","Pedestrian","Clear","Daylight","Dry","Stop Sign/Flasher","Champaign","2008","0","1","1264","POINT (-88.2468687766537 40.1202113312187)"
"A-Injury","Rear end","Clear","Daylight","Dry","Police/Flagman","Unincorporated","2008","0","1","1265","POINT (-88.2869070498407 40.1426430560173)"
"A-Injury","Rear end","Clear","Daylight","Wet","No Controls","Urbana","2008","0","1","1266","POINT (-88.2228113986695 40.0981690916987)"
"A-Injury","Fixed object","Clear","Daylight","Dry","Traffic Signal","Urbana","2008","0","1","1267","POINT (-88.1836568058261 40.1159400412944)"
"A-Injury","Pedalcyclist","Clear","Daylight","Dry","Stop Sign/Flasher","Urbana","2008","0","1","1268","POINT (-88.2095897689724 40.0983004677986)"