"crash_severity","collision_type","weather","light","road_surface","traffic_control","city","year","fatality","injury","id","Geometry"
"A-Injury","Pedestrian","Clear","Daylight","Dry","Traffic Signal","Urbana","2008","0","1","1269","POINT (-88.2239889413726 40.1128111217479)"
"A-Injury","Turning","Clear","Daylight","Dry","Traffic Signal","Urbana","2008","0","2","1270","POINT (-88.2050012736326 40.1124497905026)"
"A-Injury","Rear end","Clear","Daylight","Dry","Traffic Signal","Urbana","2008","0","1","1271","POINT (-88.1965555794772 40.1323984622316)"
"A-Injury","Turning","Clear","Dusk","Dry","Traffic Signal","Champaign","2008","0","2","1272","POINT (-88.2579793650931 40.1321710482866)"
"A-Injury","Pedalcyclist","Clear","Daylight","Dry","No Controls","Urbana","2008","0","1","1273","POINT (-88.2191916577329 40.1027691675909)"
"A-Injury","PARKED MOTOR VEHICLE","Clear","Daylight","Dry","No Controls","Champaign","2008","0","1","1274","POINT (-88.290832420248 40.1003702189692)"
"A-Injury","Fixed object","Rain","Daylight","Wet","Lane Use Marking","Champaign","2008","0","4","1275","POINT (-88.2982501109759 40.1198065527188)"
"A-Injury","Rear end","Clear","Daylight","Dry","Lane Use Marking","Champaign","2008","0","1","1276","POINT (-88.2680045133087 40.1368940031897)"
"A-Injury","Rear end","Clear","Daylight","Dry","Lane Use Marking","Champaign","2008","0","1","1277","POINT (-88.3009785412851 40.1309905701445)"
"A-Injury","SIDESWIPE OPPOSITE DIRECTION","Clear","Darkness","Dry","Lane Use Marking","Unincorporated","2008","0","2","1278","POINT (-88.3939768740301 40.2464998552818)"
"A-Injury","Rear end","Clear","Daylight","Dry","Lane Use Marking","Unincorporated","2008","0","3","1279","POINT (-88.0594453065269 40.120589787305)"
"A-Injury","Overturned","Rain","Daylight","Wet","Lane Use Marking","Unincorporated","2008","0","1","1280","POINT (-88.3037077626121 40.0703080311917)"
"A-Injury","PARKED MOTOR VEHICLE","Clear","Daylight","Dry","No Controls","Rantoul","2008","0","1","1281","POINT (-88.140570670247 40.308135523233)"
"A-Injury","Fixed object","Clear","Daylight","Dry","No Controls","Unincorporated","2008","0","1","1282","POINT (-88.1428981020315 40.0476488497912)"
"A-Injury","Pedalcyclist","Clear","Daylight","Dry","No Controls","Sidney","2008","0","1","1284","POINT (-88.0732927053317 40.0212770604425)"
"A-Injury","Other non collision","Clear","Daylight","Dry","No Controls","Unincorporated","2008","0","1","1285","POINT (-88.1468041518964 39.9674630073438)"
"A-Injury","Fixed object","Unknown","UNKNOWN","Unknown","No Controls","Unincorporated","2008","0","1","1286","POINT (-88.3106496361604 39.9517770479202)"
"A-Injury","Fixed object","Clear","Daylight","Dry","No Controls","Unincorporated","2008","0","1","1287","POINT (-88.1627192003914 40.1227684459759)"
"A-Injury","Angle","Clear","Daylight","Dry","Stop Sign/Flasher","Unincorporated","2008","0","2","1288","POINT (-88.3335190372968 40.1278799730235)"
"A-Injury","Pedalcyclist","Clear","Daylight","Dry","Lane Use Marking","Unincorporated","2008","0","1","1289","POINT (-87.9588764649125 40.123531906119)"
"A-Injury","Rear end","Clear","Daylight","Dry","Traffic Signal","Champaign","2008","0","2","1290","POINT (-88.2769896425109 40.1274100732977)"
"A-Injury","OTHER OBJECT","Clear","Daylight","Dry","No Controls","Champaign","2008","0","1","1291","POINT (-88.2368211640313 40.1303404851055)"
"A-Injury","PARKED MOTOR VEHICLE","Clear","Daylight","Dry","No Controls","TOLONO","2008","0","1","1292","POINT (-88.2655760896548 39.9716140691581)"
"A-Injury","Overturned","Clear","Daylight","Dry","Lane Use Marking","Unincorporated","2008","0","1","1293","POINT (-88.2898019177651 40.1453060814773)"
"A-Injury","Pedalcyclist","Unknown","Darkness, lighted road","Unknown","Unknown","Champaign","2008","0","1","1294","POINT (-88.243718748385 40.1379710246987)"
"A-Injury","Angle","Clear","Darkness","Dry","Traffic Signal","Rantoul","2008","0","2","1295","POINT (-88.1589016194943 40.3081704510612)"
"A-Injury","Angle","Clear","Daylight","Dry","Stop Sign/Flasher","Champaign","2008","0","2","1297","POINT (-88.2451490288687 40.1125904594303)"
"A-Injury","Turning","Clear","Daylight","Dry","No Controls","Rantoul","2008","0","1","1298","POINT (-88.1562460237649 40.3051668338403)"
"A-Injury","Fixed object","Clear","Darkness, lighted road","Dry","No Controls","Champaign","2008","0","1","1299","POINT (-88.2579584086592 40.1380311319108)"
"A-Injury","Overturned","Clear","Daylight","Dry","Lane Use Marking","Unincorporated","2008","0","1","1300","POINT (-88.2629918572444 40.1642218122834)"
"A-Injury","Turning","Clear","Daylight","Dry","No Controls","Urbana","2008","0","1","1301","POINT (-88.2194884884146 40.1242445175697)"
"A-Injury","Turning","Clear","Daylight","Dry","No Controls","Urbana","2008","0","2","1302","POINT (-88.2073096781141 40.1092498648021)"
"A-Injury","Overturned","Clear","Daylight","Dry","No Controls","Urbana","2008","0","1","1303","POINT (-88.1907913595926 40.1024067194525)"
"A-Injury","Angle","Clear","Daylight","Dry","Stop Sign/Flasher","Urbana","2008","0","1","1304","POINT (-88.1955495852224 40.1000403720116)"
"A-Injury","Pedestrian","Clear","Darkness","Dry","No Controls","Urbana","2008","0","1","1305","POINT (-88.2182456893914 40.110603905649)"
"A-Injury","Pedalcyclist","Clear","Daylight","Dry","No Controls","Champaign","2008","0","1","1306","POINT (-88.2687327615422 40.1102509224503)"
"A-Injury","PARKED MOTOR VEHICLE","Clear","Darkness, lighted road","Dry","No Controls","Champaign","2008","0","1","1307","POINT (-88.2468434259747 40.1156173101139)"
"A-Injury","Head on","Clear","Daylight","Dry","Traffic Signal","SAVOY","2008","0","1","1308","POINT (-88.2514188593605 40.0544904793465)"
"A-Injury","Angle","Clear","Daylight","Dry","Stop Sign/Flasher","Unincorporated","2008","0","3","1309","POINT (-88.2091702595767 40.039850721922)"
"A-Injury","Angle","Clear","Dusk","Dry","Stop Sign/Flasher","Unincorporated","2008","0","3","1310","POINT (-88.1550504342136 40.2390404750451)"
"A-Injury","Angle","Clear","Daylight","Dry","Stop Sign/Flasher","Unincorporated","2008","0","1","1311","POINT (-88.0595188314318 40.2979207133809)"
"A-Injury","Overturned","Clear","Daylight","Dry","No Controls","Unincorporated","2000","0","1","296","POINT (-88.3941565822324 40.2744436800426)"
"A-Injury","Turning","Clear","Darkness, lighted road","Wet","Traffic signal","Rantoul","2000","0","2","297","POINT (-88.155770220666 40.3072851409121)"
"A-Injury","Overturned","Clear","Darkness","Sand, mud, dirt","Stop Sign/Flasher","OGDEN","2008","0","1","1312","POINT (-87.9561198413073 40.1139791700884)"
"A-Injury","Overturned","Clear","Daylight","Dry","No Controls","Unincorporated","2008","0","1","1313","POINT (-88.3464052123328 40.2447287410011)"
"A-Injury","Angle","Clear","Daylight","Dry","Stop Sign/Flasher","Unincorporated","2008","0","3","1314","POINT (-88.048070402864 40.1862387383237)"
"A-Injury","Fixed object","Clear","Daylight","Dry","No Controls","Unincorporated","2008","0","1","1315","POINT (-88.2756292891339 40.3112873284276)"
"A-Injury","Turning","Clear","Daylight","Dry","Traffic Signal","SAVOY","2008","0","2","1316","POINT (-88.2539781913084 40.0394299767829)"
"A-Injury","Fixed object","Clear","Daylight","Dry","Traffic Signal","Champaign","2008","0","1","1317","POINT (-88.2452112352491 40.1163493977333)"
"A-Injury","Angle","Clear","Daylight","Dry","No Controls","Unincorporated","2008","0","2","1318","POINT (-88.3083401919827 40.2453812450497)"
"A-Injury","Overturned","Clear","Daylight","Dry","Other Warning Sign","Unincorporated","2008","0","1","1319","POINT (-88.4373523620534 39.8938893473673)"
"A-Injury","Other non collision","Clear","Daylight","Dry","No Controls","Champaign","2008","0","1","1320","POINT (-88.2606528785615 40.1387988737586)"
"A-Injury","Turning","Rain","Daylight","Wet","No Controls","Champaign","2008","0","2","1321","POINT (-88.2501589007447 40.1271888053437)"
"A-Injury","Overturned","Clear","Daylight","Dry","No Controls","Champaign","2008","0","1","1322","POINT (-88.2770790681681 40.1597391093176)"
"A-Injury","Angle","Rain","Daylight","Wet","Traffic Signal","Urbana","2008","0","1","1323","POINT (-88.2195498745535 40.1324396336256)"
"A-Injury","Overturned","Clear","Dusk","Dry","Stop Sign/Flasher","Urbana","2008","0","1","1324","POINT (-88.2242093823358 40.1221896705215)"
"A-Injury","Fixed object","Rain","Daylight","Wet","No Controls","Champaign","2008","0","1","1325","POINT (-88.2531891111174 40.1300689548928)"
"A-Injury","Angle","Clear","Daylight","Dry","Stop Sign/Flasher","Champaign","2008","0","1","1326","POINT (-88.2435091115842 40.1163595658114)"
"A-Injury","Turning","Clear","Daylight","Dry","Stop Sign/Flasher","Rantoul","2008","0","3","1327","POINT (-88.1747792070596 40.3071412223173)"
"A-Injury","Angle","Clear","Daylight","Dry","Traffic Signal","Rantoul","2008","0","4","1328","POINT (-88.170585536093 40.2827047276551)"
"A-Injury","Head on","Clear","Daylight","Dry","No Controls","Champaign","2008","0","2","1329","POINT (-88.2764590518524 40.0942810769534)"
"A-Injury","Pedalcyclist","Clear","Daylight","Dry","Stop Sign/Flasher","Champaign","2008","0","1","1330","POINT (-88.2387090408223 40.1102298946413)"
"A-Injury","Angle","Clear","Daylight","Dry","Traffic Signal","Champaign","2008","0","1","1333","POINT (-88.2767707457629 40.1128501826988)"
"A-Injury","Turning","Rain","Darkness","Wet","Lane Use Marking","Mahomet","2008","0","1","1334","POINT (-88.364799764548 40.1841467286657)"
"A-Injury","Overturned","Rain","Daylight","Wet","No Controls","Unincorporated","2008","0","2","1335","POINT (-88.2321705604159 40.0105132707813)"
"A-Injury","Rear end","Clear","Daylight","Dry","Lane Use Marking","Unincorporated","2008","0","2","1336","POINT (-88.2815910371638 40.1444050740571)"
"A-Injury","Fixed object","Clear","Daylight","Dry","Lane Use Marking","Unincorporated","2008","0","1","1337","POINT (-88.3938056383561 40.2755790244287)"
"A-Injury","Rear end","Clear","Daylight","Dry","Lane Use Marking","Unincorporated","2008","0","1","1338","POINT (-88.182290954358 40.1892901904393)"
"A-Injury","Fixed object","Clear","Dusk","Dry","No Controls","Unincorporated","2008","0","1","1339","POINT (-88.1557188453649 40.3414980654164)"
"A-Injury","Rear end","Clear","Daylight","Dry","No Controls","Champaign","2008","0","1","1340","POINT (-88.2435608734313 40.1235301931185)"
"A-Injury","Turning","Clear","Darkness","Wet","Stop Sign/Flasher","Champaign","2008","0","1","1341","POINT (-88.2591086452196 40.1380802852024)"
"A-Injury","Turning","Clear","Daylight","Dry","Traffic Signal","Champaign","2008","0","2","1342","POINT (-88.2768888232007 40.1196900092729)"
"A-Injury","Rear end","Clear","Daylight","Dry","No Controls","Champaign","2008","0","1","1343","POINT (-88.2725071424705 40.0982419184367)"
"A-Injury","Turning","Clear","Daylight","Dry","Traffic Signal","Champaign","2008","0","6","1344","POINT (-88.2468767239015 40.0835694629413)"
"A-Injury","Rear end","Clear","Daylight","Dry","Lane Use Marking","Unincorporated","2008","0","2","1345","POINT (-88.0789936114377 40.120561179823)"
"A-Injury","Angle","Clear","Darkness","Dry","Stop Sign/Flasher","Unincorporated","2008","0","1","1347","POINT (-88.1605691357877 39.9090609852465)"
"A-Injury","Rear end","Clear","Daylight","Snow or slush","Lane Use Marking","Unincorporated","2008","0","1","1348","POINT (-88.18283036653 40.227214509773)"
"A-Injury","Overturned","Snow","Daylight","Ice","Lane Use Marking","Champaign","2008","0","2","1349","POINT (-88.2921764078434 40.1386811750139)"
"A-Injury","Rear end","Clear","Daylight","Dry","Lane Use Marking","Unincorporated","2008","0","1","1350","POINT (-88.3034929738205 39.9870894363124)"
"A-Injury","Overturned","Snow","Dawn","Snow or slush","Lane Use Marking","Unincorporated","2008","0","2","1351","POINT (-88.1406395390972 40.3767363316658)"
"A-Injury","Rear end","Clear","Darkness","Dry","Lane Use Marking","Unincorporated","2008","0","1","1352","POINT (-88.3468156914655 40.1810422847558)"
"A-Injury","Fixed object","Clear","Darkness","Wet","No Controls","Rantoul","2008","0","1","1353","POINT (-88.1458139337242 40.2831444371227)"
"A-Injury","Fixed object","Clear","Darkness, lighted road","Dry","No Controls","Rantoul","2008","0","1","1354","POINT (-88.1462717481082 40.3047926823597)"
"A-Injury","SIDESWIPE SAME DIRECTION","Clear","Daylight","Dry","No Controls","Champaign","2008","0","1","1355","POINT (-88.2760963068939 40.11644590362)"
"A-Injury","Angle","Clear","Daylight","Dry","Stop Sign/Flasher","Champaign","2008","0","5","1356","POINT (-88.2353909059743 40.1126505256805)"
"A-Injury","Turning","Clear","Daylight","Dry","Traffic Signal","Champaign","2008","0","3","1357","POINT (-88.2466687457606 40.0980895304398)"
"A-Injury","Angle","Clear","Daylight","Dry","Traffic Signal","Champaign","2008","0","2","1358","POINT (-88.2579034539181 40.1182694417485)"
"A-Injury","Overturned","Clear","Darkness","Dry","Lane Use Marking","Unincorporated","2000","0","1","299","POINT (-88.1573908360096 40.3511810026863)"
"A-Injury","Fixed object","Clear","Darkness","Dry","No Controls","Rantoul","2008","0","5","1238","POINT (-88.1416126237609 40.3046910882602)"
"A-Injury","Rear end","Clear","Daylight","Dry","Traffic Signal","SAVOY","2008","0","2","1359","POINT (-88.2514188593605 40.0544904793465)"
"A-Injury","Rear end","Clear","Daylight","Dry","No Controls","Champaign","2008","0","1","1360","POINT (-88.2764124611044 40.1128462191979)"
"A-Injury","Overturned","Snow","Darkness","Ice","Lane Use Marking","Unincorporated","2008","0","5","1361","POINT (-88.3040634990882 40.0194102365954)"
"A-Injury","Rear end","Clear","Daylight","Dry","Traffic Signal","Champaign","2008","0","1","1362","POINT (-88.2580194433672 40.1341892339031)"
"A-Injury","SIDESWIPE SAME DIRECTION","Snow","Daylight","Snow or slush","Lane Use Marking","Unincorporated","2008","0","2","1363","POINT (-88.4610110800678 40.2123598332346)"
"A-Injury","Overturned","Other","Daylight","Ice","Lane Use Marking","Unincorporated","2008","0","2","1364","POINT (-88.3231224594769 40.1735213451592)"
"A-Injury","PARKED MOTOR VEHICLE","Clear","Daylight","Ice","Lane Use Marking","Unincorporated","2008","0","6","1365","POINT (-88.3051506505793 40.1136751633265)"
"A-Injury","Fixed object","Clear","Darkness","Dry","No Controls","Unincorporated","2008","0","1","1366","POINT (-88.0695191923297 40.385535194999)"
"A-Injury","Angle","Rain","Daylight","Wet","Stop Sign/Flasher","Unincorporated","2008","0","1","1367","POINT (-88.048070402864 40.1862387383237)"
"A-Injury","Pedestrian","Clear","Darkness, lighted road","Dry","No Controls","Champaign","2008","0","1","1368","POINT (-88.2320504653094 40.110299991431)"
"A-Injury","Overturned","Clear","Darkness","Dry","Lane Use Marking","St. Joseph","2008","0","1","1369","POINT (-88.0358863567161 40.1202225432278)"
"A-Injury","Turning","Clear","Daylight","Dry","No Controls","Champaign","2008","0","1","1370","POINT (-88.2769106944275 40.1206501686017)"
"A-Injury","Turning","Clear","Daylight","Dry","No Controls","Champaign","2008","0","2","1371","POINT (-88.2626402339304 40.0981693527801)"
"A-Injury","Turning","Clear","Daylight","Dry","Traffic Signal","Champaign","2008","0","3","1372","POINT (-88.2387294870562 40.1163404613301)"
"A-Injury","SIDESWIPE SAME DIRECTION","Clear","Darkness","Dry","Traffic Signal","Champaign","2008","0","1","1373","POINT (-88.314531202973 40.1132463618646)"
"A-Injury","Turning","Clear","Darkness","Wet","No Controls","Urbana","2008","0","1","1374","POINT (-88.1805279536526 40.1032150051975)"
"A-Injury","Angle","Clear","Daylight","Dry","Traffic Signal","Urbana","2008","0","2","1375","POINT (-88.1906610713237 40.1420085240767)"
"A-Injury","Pedestrian","Clear","Daylight","Dry","Traffic Signal","Urbana","2008","0","1","1376","POINT (-88.2156192888248 40.1164501497193)"
"A-Injury","Angle","Snow","Darkness, lighted road","Snow or slush","Traffic Signal","Champaign","2008","0","1","1377","POINT (-88.2426400253038 40.1163698302578)"
"A-Injury","Pedestrian","Clear","Daylight","Wet","No Controls","Champaign","2008","0","1","1380","POINT (-88.2951587696771 40.088680234933)"
"A-Injury","Angle","Clear","Daylight","Ice","Stop Sign/Flasher","Unincorporated","2008","0","3","1381","POINT (-88.369671394252 40.1276191559494)"
"A-Injury","Angle","Clear","Dusk","Dry","Stop Sign/Flasher","Champaign","2008","0","1","1382","POINT (-88.2627396798724 40.131000490131)"
"A-Injury","Overturned","Clear","Darkness","Dry","No Controls","Unincorporated","2008","0","1","1383","POINT (-88.2943752035619 40.0104194283062)"
"A-Injury","Pedalcyclist","Clear","Darkness, lighted road","Ice","No Controls","Champaign","2008","0","2","1384","POINT (-88.2579443945964 40.1239905992661)"
"A-Injury","Head on","Other","Darkness","Ice","No Controls","St. Joseph","2008","0","2","1385","POINT (-88.0219668642716 40.1132295030017)"
"A-Injury","Rear end","Rain","Daylight","Ice","No Controls","Unincorporated","2008","0","1","1386","POINT (-88.2496092726062 40.0823580134332)"
"A-Injury","Fixed object","Clear","Darkness","Wet","Stop Sign/Flasher","Unincorporated","2008","0","1","1387","POINT (-88.4126884984797 40.2220204310854)"
"A-Injury","Pedalcyclist","Clear","Daylight","Dry","No Controls","Champaign","2008","0","1","1388","POINT (-88.2451556029241 40.102278905116)"
"A-Injury","SIDESWIPE SAME DIRECTION","Rain","Daylight","Ice","No Controls","Unincorporated","2008","0","1","1389","POINT (-88.0714589527998 40.1133775942192)"
"A-Injury","Fixed object","Clear","Daylight","Ice","No Controls","Unincorporated","2008","0","1","1390","POINT (-88.0646395042668 40.3272024052584)"
"A-Injury","Head on","SLEET/HAIL","Darkness, lighted road","Ice","No Controls","Unincorporated","2008","0","3","1391","POINT (-88.2190487414194 40.0835199980508)"
"A-Injury","Fixed object","Rain","Daylight","Ice","Stop Sign/Flasher","Unincorporated","2008","0","1","1392","POINT (-88.3335178256903 40.1133209818819)"
"A-Injury","Rear end","Rain","Darkness","Wet","Stop Sign/Flasher","Urbana","2008","0","1","1393","POINT (-88.2156416291386 40.1174194850806)"
"A-Injury","Rear end","Clear","Daylight","Ice","Lane Use Marking","Mahomet","2009","0","2","1395","POINT (-88.3850286797502 40.1928726594877)"
"A-Injury","Rear end","Clear","Darkness","Dry","Lane Use Marking","Mahomet","2009","0","1","1396","POINT (-88.3385458717341 40.1785787960172)"
"A-Injury","Fixed object","Clear","Daylight","Ice","Lane Use Marking","Mahomet","2009","0","1","1397","POINT (-88.368078884438 40.1880637706973)"
"A-Injury","Rear end","Clear","Darkness","Dry","Lane Use Marking","Unincorporated","2009","0","2","1398","POINT (-87.9665529769675 40.1197705876945)"
"A-Injury","Overturned","Clear","Darkness","Dry","Lane Use Marking","Unincorporated","2009","0","1","1399","POINT (-88.3346527737752 40.1772913753962)"
"A-Injury","Fixed object","Clear","Darkness","Dry","Lane Use Marking","Unincorporated","2009","0","1","1400","POINT (-88.1827993417988 40.1557585674446)"
"A-Injury","Angle","Clear","Daylight","Snow or slush","Stop Sign/Flasher","Champaign","2009","0","2","1401","POINT (-88.2877117147578 40.0838460086933)"
"A-Injury","Angle","Clear","Daylight","Dry","Stop Sign/Flasher","Champaign","2009","0","2","1402","POINT (-88.2436116373199 40.1297208565718)"
"A-Injury","PARKED MOTOR VEHICLE","Clear","Daylight","Dry","Lane Use Marking","Champaign","2009","0","2","1403","POINT (-88.3038308241167 40.0779843510126)"
"A-Injury","Pedestrian","Clear","Darkness","Dry","No Controls","Champaign","2009","0","1","1404","POINT (-88.2961372098039 40.1093545339774)"
"A-Injury","Rear end","Clear","Darkness","Dry","No Controls","Champaign","1999","0","1","440","POINT (-88.2579416402569 40.1329311285209)"
"A-Injury","Angle","Clear","Daylight","Wet","Traffic Signal","Champaign","2009","0","1","1405","POINT (-88.2426398979592 40.1163701417278)"
"A-Injury","Overturned","Clear","Daylight","Dry","Lane Use Marking","Unincorporated","2009","0","1","1406","POINT (-87.9579612457414 40.0240331014137)"
"A-Injury","Angle","Clear","Daylight","Dry","Traffic Signal","Champaign","2009","0","1","1408","POINT (-88.2468109054203 40.1126098810458)"
"A-Injury","Rear end","Clear","Dusk","Wet","No Controls","Urbana","2009","0","1","1409","POINT (-88.2129680277059 40.116487929368)"
"A-Injury","Angle","Clear","Darkness","Wet","Stop Sign/Flasher","Urbana","2009","0","1","1410","POINT (-88.2049100974708 40.0983315422663)"
"A-Injury","Rear end","Clear","Daylight","Dry","Traffic Signal","Champaign","2009","0","4","1411","POINT (-88.2445883723397 40.0980934446604)"
"A-Injury","Fixed object","Clear","Darkness","Dry","No Controls","Unincorporated","2009","0","1","1412","POINT (-88.2892969982078 40.2513445146658)"
"A-Injury","Fixed object","Clear","Daylight","Dry","No Controls","Unincorporated","2009","0","1","1413","POINT (-88.2380253054777 40.0252539766977)"
"A-Injury","Fixed object","Clear","Daylight","Ice","No Controls","Unincorporated","2009","0","2","1414","POINT (-88.3466788796399 40.3033737811627)"
"A-Injury","Angle","Clear","Daylight","Wet","Stop Sign/Flasher","Unincorporated","2009","0","2","1415","POINT (-88.3331986600013 40.113321132108)"
"A-Injury","Angle","SLEET/HAIL","Daylight","Ice","Stop Sign/Flasher","Unincorporated","2009","0","3","1416","POINT (-88.1174483193597 40.312180144872)"
"A-Injury","Rear end","Clear","Daylight","Dry","Traffic Signal","Champaign","2009","0","1","1417","POINT (-88.2769896444952 40.12741026875)"
"A-Injury","Turning","Clear","Daylight","Wet","Traffic Signal","Champaign","2009","0","3","1418","POINT (-88.243718745723 40.1379711452064)"
"A-Injury","Rear end","Clear","Darkness","Dry","Lane Use Marking","PESOTUM","2009","0","1","1419","POINT (-88.2788098815092 39.9047577144863)"
"A-Injury","Overturned","Clear","Daylight","Dry","Lane Use Marking","Champaign","2009","0","1","1420","POINT (-88.2603305023552 40.1353550775228)"
"A-Injury","Fixed object","Clear","Darkness","Wet","Lane Use Marking","Unincorporated","2009","0","1","1421","POINT (-88.3029879507436 39.9394199697757)"
"A-Injury","Rear end","Clear","Daylight","Wet","No Controls","Champaign","2009","0","3","1422","POINT (-88.2484911880009 40.1126102818677)"
"A-Injury","Rear end","Clear","Daylight","Dry","Stop Sign/Flasher","Unincorporated","2009","0","2","1423","POINT (-88.4076591938385 40.1567104094454)"
"A-Injury","Rear end","Clear","Daylight","Dry","Police/Flagman","Unincorporated","2009","0","2","1424","POINT (-87.9403512578475 40.1123246803121)"
"A-Injury","Rear end","Clear","Darkness","Dry","Lane Use Marking","Unincorporated","2009","0","2","1425","POINT (-88.1836224951564 40.2924433504031)"
"A-Injury","Other non collision","Clear","Daylight","Dry","Lane Use Marking","Unincorporated","2009","0","6","1426","POINT (-88.2560935923346 40.1707639418186)"
"A-Injury","Pedestrian","Clear","Darkness","Dry","No Controls","Champaign","2009","0","1","1427","POINT (-88.2541137366633 40.1126498233272)"
"A-Injury","Rear end","Rain","Daylight","Wet","Traffic Signal","Champaign","2009","0","2","1429","POINT (-88.2766696935174 40.1090111767968)"
"A-Injury","Angle","Clear","Daylight","Dry","No Controls","Champaign","2009","0","4","1430","POINT (-88.2765011823183 40.097713210991)"
"A-Injury","Overturned","Clear","Daylight","Dry","Lane Use Marking","Unincorporated","2009","0","1","1431","POINT (-88.1780898037431 40.3252162499309)"
"A-Injury","PARKED MOTOR VEHICLE","Clear","Daylight","Dry","Other Warning Sign","Champaign","2009","0","2","1432","POINT (-88.2378760289686 40.1349234820398)"
"A-Injury","Angle","Clear","Daylight","Dry","Traffic Signal","Champaign","2009","0","2","1433","POINT (-88.2768102093063 40.116460509293)"
"A-Injury","Angle","Clear","Daylight","Dry","Stop Sign/Flasher","Champaign","2009","0","1","1434","POINT (-88.2412117116476 40.1211185789644)"
"A-Injury","Other non collision","Clear","Dawn","Wet","Lane Use Marking","Unincorporated","2009","0","2","1435","POINT (-88.1518851976398 40.120311117126)"
"A-Injury","Rear end","Clear","Darkness","Dry","Lane Use Marking","Unincorporated","2009","0","2","1436","POINT (-88.3049373424404 40.0947297843619)"
"A-Injury","Head on","Rain","Daylight","Wet","No Controls","Champaign","2009","0","2","1437","POINT (-88.3004144243597 40.1276528049345)"
"A-Injury","Fixed object","Clear","Daylight","Dry","No Controls","Unincorporated","2009","0","1","1438","POINT (-88.1820964114315 40.1747004904734)"
"A-Injury","Fixed object","Clear","Daylight","Dry","No Controls","Unincorporated","2009","0","2","1439","POINT (-88.2423920395628 39.9958368941542)"
"A-Injury","Pedalcyclist","Clear","Daylight","Dry","Stop Sign/Flasher","Champaign","2009","0","1","1440","POINT (-88.2539690304555 40.1101398853912)"
"A-Injury","Turning","Clear","Daylight","Dry","Stop Sign/Flasher","Champaign","2009","0","1","1441","POINT (-88.2954789462724 40.1175591072916)"
"A-Injury","Angle","Clear","Daylight","Dry","Traffic signal","Champaign","2003","0","1","98","POINT (-88.2467999536647 40.1126179344272)"
"A-Injury","Overturned","Clear","Daylight","Dry","Lane Use Marking","Mahomet","2009","0","1","1442","POINT (-88.3619058955841 40.1859502695142)"
"A-Injury","Fixed object","Clear","Daylight","Dry","No Controls","Unincorporated","2009","0","1","1443","POINT (-87.9631821233158 40.2987729719281)"
"A-Injury","Turning","Rain","Daylight","Wet","No Controls","Champaign","2009","0","1","1444","POINT (-88.2673987399395 40.1272944975156)"
"A-Injury","Rear end","Rain","Daylight","Wet","Traffic Signal","Champaign","2009","0","2","1445","POINT (-88.2766696935174 40.1090111767968)"
"A-Injury","Fixed object","Clear","Daylight","Dry","Lane Use Marking","OGDEN","2009","0","1","1446","POINT (-87.9587565510839 40.1093256027009)"
"A-Injury","Angle","Clear","Daylight","Dry","Stop Sign/Flasher","Unincorporated","2009","0","3","1447","POINT (-88.1820898266952 40.189289964095)"
"A-Injury","PARKED MOTOR VEHICLE","Clear","Darkness, lighted road","Dry","Lane Use Marking","Champaign","2009","0","1","1448","POINT (-88.2670975940637 40.1367798096659)"
"A-Injury","Angle","Clear","Daylight","Dry","Yield","Urbana","2009","0","2","1449","POINT (-88.1944787823772 40.1093703818887)"
"A-Injury","Angle","Clear","Darkness","Dry","Stop Sign/Flasher","Unincorporated","2009","0","2","1450","POINT (-87.9492514353823 40.3132609444267)"
"A-Injury","PARKED MOTOR VEHICLE","Clear","Darkness, lighted road","Dry","No Controls","Urbana","2009","0","1","1451","POINT (-88.1760068305107 40.100483752218)"
"A-Injury","PARKED MOTOR VEHICLE","Clear","Darkness, lighted road","Dry","No Controls","Urbana","2009","0","1","1452","POINT (-88.2018724216402 40.1221484838102)"
"A-Injury","Fixed object","Clear","Dusk","Wet","No Controls","Urbana","2009","0","2","1454","POINT (-88.1890051530383 40.1274709621705)"
"A-Injury","Angle","Clear","Daylight","Dry","Stop sign / flasher","Champaign","2000","0","3","300","POINT (-88.2389683114994 40.1380046789629)"
"A-Injury","Angle","Clear","Darkness, lighted road","Dry","Traffic signal","Champaign","1999","0","1","441","POINT (-88.2579296297565 40.1321592484929)"