"crash_severity","collision_type","weather","light","road_surface","traffic_control","city","year","fatality","injury","id","Geometry"
"A-Injury","Fixed object","Clear","Darkness, lighted road","Ice","No Controls","Rantoul","1999","0","2","442","POINT (-88.1644135647348 40.3083808612771)"
"A-Injury","Pedestrian","Clear","Darkness","Dry","No Controls","Champaign","2000","0","1","301","POINT (-88.2542068124424 40.1126444455948)"
"A-Injury","Angle","Clear","Darkness","Dry","Traffic Signal","Champaign","2008","0","1","1332","POINT (-88.3142898565332 40.0986887272057)"
"A-Injury","Turning","Clear","Daylight","Dry","No Controls","Urbana","2009","0","1","1455","POINT (-88.2063293339601 40.1135088613223)"
"A-Injury","Fixed object","Clear","Daylight","Dry","No Controls","Urbana","2009","0","1","1456","POINT (-88.2140642608729 40.0982476562213)"
"A-Injury","SIDESWIPE OPPOSITE DIRECTION","Clear","Daylight","Dry","No Controls","Urbana","2009","0","1","1457","POINT (-88.2003776002341 40.1255030172253)"
"A-Injury","Turning","Clear","Daylight","Dry","Traffic Signal","Urbana","2009","0","1","1458","POINT (-88.2049692426273 40.1163173379906)"
"A-Injury","Turning","Rain","Daylight","Wet","Traffic Signal","Urbana","2009","0","1","1459","POINT (-88.2049686952829 40.1163195845287)"
"A-Injury","Turning","Clear","Daylight","Dry","Traffic Signal","Urbana","2009","0","1","1460","POINT (-88.2195408352587 40.1273696092058)"
"A-Injury","Turning","Clear","Daylight","Dry","Other","Unincorporated","2009","0","2","1461","POINT (-88.1584631712597 40.1202739547377)"
"A-Injury","SIDESWIPE SAME DIRECTION","Rain","Daylight","Wet","No Controls","Champaign","2009","0","4","1462","POINT (-88.2769652063397 40.125124074953)"
"A-Injury","Turning","Rain","Daylight","Wet","Traffic Signal","Champaign","2009","0","1","1463","POINT (-88.2768094513089 40.1164604935505)"
"A-Injury","Angle","Clear","Daylight","Dry","Stop Sign/Flasher","Unincorporated","2009","0","4","1464","POINT (-88.2378607324278 40.0104694930694)"
"A-Injury","Fixed object","Clear","Darkness","Dry","No Controls","Unincorporated","2009","0","2","1465","POINT (-88.2775627155291 40.0249710890115)"
"A-Injury","Angle","Clear","Daylight","Dry","Traffic Signal","Champaign","2009","0","1","1466","POINT (-88.2468767239029 40.0835694618433)"
"A-Injury","Fixed object","Clear","Darkness, lighted road","Wet","No Controls","Urbana","2009","0","1","1467","POINT (-88.1925653171254 40.1056694585873)"
"A-Injury","Rear end","Rain","Darkness, lighted road","Wet","Lane Use Marking","Champaign","2009","0","4","1468","POINT (-88.2580309073629 40.135371267311)"
"A-Injury","Angle","Rain","Darkness, lighted road","Wet","Traffic Signal","Champaign","2009","0","3","1469","POINT (-88.2466687457606 40.0980895304398)"
"A-Injury","Turning","Clear","Darkness","Dry","Lane Use Marking","Unincorporated","2009","0","1","1470","POINT (-88.4075043599489 40.1220886212648)"
"A-Injury","Rear end","Clear","Darkness","Dry","Lane Use Marking","Unincorporated","2009","0","1","1471","POINT (-88.1217744549423 40.1204876270967)"
"A-Injury","PARKED MOTOR VEHICLE","Clear","Daylight","Dry","No Controls","Urbana","2009","0","1","1472","POINT (-88.2012364765563 40.0983510352717)"
"A-Injury","Angle","Clear","Daylight","Dry","OTHER REGUALTORY SIGN","Unincorporated","2009","0","2","1473","POINT (-88.3331986600013 40.113321132108)"
"A-Injury","Pedalcyclist","Clear","Daylight","Wet","Stop Sign/Flasher","Urbana","2009","0","1","1474","POINT (-88.2192505162804 40.106470328467)"
"A-Injury","Rear end","Clear","Daylight","Dry","No Controls","Champaign","2009","0","2","1476","POINT (-88.276440537447 40.0927558548177)"
"A-Injury","Angle","Clear","Darkness, lighted road","Dry","Traffic Signal","Champaign","2009","0","1","1477","POINT (-88.2387090408223 40.1102298946413)"
"A-Injury","Fixed object","Clear","Daylight","Dry","No Controls","Unincorporated","2009","0","1","1478","POINT (-88.3840681690842 40.142231314055)"
"A-Injury","Fixed object","Clear","Daylight","Dry","No Controls","Unincorporated","2009","0","1","1479","POINT (-88.3390915369309 40.215050924959)"
"A-Injury","Angle","Clear","Daylight","Dry","Stop Sign/Flasher","Unincorporated","2009","0","3","1480","POINT (-88.1048111154339 40.1205905684552)"
"A-Injury","Rear end","Rain","Daylight","Wet","Traffic Signal","Champaign","2009","0","1","1481","POINT (-88.2304518874188 40.110319932892)"
"A-Injury","Pedalcyclist","Rain","Daylight","Wet","Traffic Signal","Champaign","2009","0","1","1482","POINT (-88.2689082271456 40.0982200985688)"
"A-Injury","Turning","Clear","Daylight","Dry","Traffic Signal","Champaign","2009","0","1","1483","POINT (-88.257799358496 40.1126598131864)"
"A-Injury","Other non collision","Clear","Daylight","Dry","Stop Sign/Flasher","Urbana","2009","0","1","1484","POINT (-88.2159894340316 40.1106398740126)"
"A-Injury","Pedestrian","Clear","Daylight","Dry","No Controls","Fisher","2009","0","1","1485","POINT (-88.3496486201198 40.3157155872327)"
"A-Injury","Rear end","Rain","Daylight","Wet","Traffic Signal","Champaign","2009","0","4","1486","POINT (-88.257790646342 40.1101590277394)"
"A-Injury","Pedalcyclist","Clear","Daylight","Dry","No Controls","Champaign","2009","0","1","1487","POINT (-88.2384601964276 40.1272310959015)"
"A-Injury","Fixed object","Clear","Darkness","Dry","Other Warning Sign","Unincorporated","2009","0","2","1488","POINT (-88.3470669778066 40.3621872687671)"
"A-Injury","Turning","Rain","Daylight","Wet","Stop Sign/Flasher","Unincorporated","2009","0","2","1489","POINT (-88.192339100694 40.1274606544892)"
"A-Injury","Rear end","Clear","Daylight","Dry","No Controls","Unincorporated","2009","0","1","1490","POINT (-88.2415886303107 40.1781899574735)"
"A-Injury","Angle","Clear","Daylight","Dry","Stop Sign/Flasher","Unincorporated","2009","0","1","1491","POINT (-88.2378607324278 40.0104694930694)"
"A-Injury","Angle","Clear","Darkness, lighted road","Dry","Traffic Signal","SAVOY","2009","0","1","1492","POINT (-88.2539799991713 40.0394300005311)"
"A-Injury","Angle","Clear","Daylight","Dry","Stop Sign/Flasher","Champaign","2009","0","1","1493","POINT (-88.2423704972236 40.1297304147468)"
"A-Injury","SIDESWIPE SAME DIRECTION","Clear","Daylight","Dry","Lane Use Marking","Champaign","2009","0","1","1494","POINT (-88.2452133243588 40.1217031395364)"
"A-Injury","Rear end","Clear","Daylight","Dry","Lane Use Marking","Unincorporated","2009","0","1","1496","POINT (-88.2596041266621 40.0032030140071)"
"A-Injury","Head on","Rain","Daylight","Wet","No Controls","Unincorporated","2009","0","1","1497","POINT (-88.2842653636592 40.1408672369714)"
"A-Injury","Pedestrian","Clear","Daylight","Dry","Stop Sign/Flasher","Champaign","2009","0","1","1498","POINT (-88.276599634314 40.1045673248563)"
"A-Injury","Turning","Clear","Daylight","Dry","No Controls","Champaign","2009","0","8","1499","POINT (-88.2531983588283 40.1271896729577)"
"A-Injury","Rear end","Clear","Daylight","Dry","Stop Sign/Flasher","Champaign","2009","0","2","1500","POINT (-88.2627089998404 40.1272311890865)"
"A-Injury","Turning","Clear","Daylight","Dry","Traffic signal","Urbana","1999","0","2","443","POINT (-88.1987421000729 40.1285049229397)"
"A-Injury","Pedalcyclist","Clear","Daylight","Dry","No Controls","Champaign","2006","0","1","977","POINT (-88.2322316285441 40.1102982396598)"
"A-Injury","Fixed object","Rain","Daylight","Wet","Lane Use Marking","Champaign","1999","0","1","444","POINT (-88.2509170369976 40.134708626308)"
"A-Injury","Angle","Clear","Daylight","Dry","Stop sign / flasher","Urbana","2000","0","5","298","POINT (-88.162212379578 40.0859675712632)"
"A-Injury","Rear end","Rain","Daylight","Wet","No Controls","Urbana","2009","0","1","1501","POINT (-88.2193608010496 40.1145087753203)"
"A-Injury","Rear end","Clear","Daylight","Dry","No Controls","Unincorporated","2009","0","1","1502","POINT (-88.2165372440557 40.0835317897119)"
"A-Injury","Angle","Clear","Daylight","Dry","Stop Sign/Flasher","Urbana","2009","0","2","1503","POINT (-88.207708318539 40.1257508665441)"
"A-Injury","Rear end","Clear","Daylight","Dry","No Controls","Urbana","2009","0","2","1504","POINT (-88.1622970842456 40.0913984493648)"
"A-Injury","Pedalcyclist","Clear","Daylight","Dry","Stop Sign/Flasher","Urbana","2009","0","1","1505","POINT (-88.2073099058583 40.1092498606577)"
"A-Injury","Head on","Rain","Daylight","Wet","No Controls","Urbana","2009","0","3","1506","POINT (-88.2194848551495 40.1239708381432)"
"A-Injury","Turning","Clear","Daylight","Dry","Traffic Signal","Champaign","2009","0","1","1507","POINT (-88.2445883723397 40.0980934446604)"
"A-Injury","Turning","Clear","Dusk","Dry","Traffic Signal","Champaign","2009","0","3","1508","POINT (-88.2769884407887 40.1274102602036)"
"A-Injury","Rear end","Rain","Darkness, lighted road","Wet","No Controls","Champaign","2009","0","2","1509","POINT (-88.276458934653 40.094978349042)"
"A-Injury","Fixed object","Clear","Daylight","Dry","No Controls","Unincorporated","2009","0","1","1510","POINT (-88.1062664126215 40.0257511587966)"
"A-Injury","Angle","Clear","Daylight","Dry","Traffic Signal","Urbana","2009","0","2","1511","POINT (-88.1621601216246 40.083989534671)"
"A-Injury","Fixed object","Clear","Daylight","Dry","No Controls","Champaign","2009","0","1","1512","POINT (-88.249332553923 40.0863597972364)"
"A-Injury","Angle","Rain","Darkness, lighted road","Wet","Traffic Signal","Champaign","2009","0","1","1513","POINT (-88.2452112454034 40.11635067202)"
"A-Injury","SIDESWIPE SAME DIRECTION","Clear","Daylight","Dry","Traffic Signal","Unincorporated","2009","0","1","1514","POINT (-88.2760758556775 40.0837003373512)"
"A-Injury","Angle","Clear","Daylight","Dry","No Controls","Unincorporated","2009","0","1","1515","POINT (-88.4072910272364 40.0841605637415)"
"A-Injury","Angle","Clear","Daylight","Dry","No Controls","Unincorporated","2009","0","2","1516","POINT (-88.3873397711576 39.9233707323181)"
"A-Injury","OTHER OBJECT","Clear","Darkness","Dry","Stop Sign/Flasher","Unincorporated","2009","0","1","1517","POINT (-88.3496323771018 40.0113596024182)"
"A-Injury","Angle","Clear","Daylight","Dry","No Controls","Unincorporated","2009","0","1","1518","POINT (-88.4034402184996 40.296440056663)"
"A-Injury","Angle","Clear","Daylight","Dry","No Controls","Unincorporated","2009","0","3","1519","POINT (-88.3083402033621 40.2453824473826)"
"A-Injury","Turning","Clear","Daylight","Dry","Lane Use Marking","Unincorporated","2009","0","3","1520","POINT (-88.426598348295 40.1105887001374)"
"A-Injury","Angle","Clear","Daylight","Dry","Stop Sign/Flasher","Champaign","2009","0","1","1521","POINT (-88.248518411173 40.1153315990796)"
"A-Injury","Pedalcyclist","Clear","Daylight","Dry","No Controls","Urbana","2009","0","1","1522","POINT (-88.2036431502207 40.1188225854273)"
"A-Injury","Rear end","Clear","Daylight","Dry","Lane Use Marking","Unincorporated","2009","0","1","1523","POINT (-88.1616475443797 40.0401687785057)"
"A-Injury","Overturned","Clear","Daylight","Dry","Lane Use Marking","Unincorporated","2009","0","1","1524","POINT (-87.9937110381332 40.1921103544779)"
"A-Injury","Turning","Clear","Daylight","Dry","Traffic Signal","Urbana","2009","0","3","1526","POINT (-88.1963893173081 40.1323690307135)"
"A-Injury","Rear end","Rain","Daylight","Wet","No Controls","Unincorporated","2009","0","1","1527","POINT (-88.2773910392569 40.1857602388392)"
"A-Injury","Fixed object","Clear","Daylight","Dry","No Controls","Champaign","2009","0","1","1528","POINT (-88.2425502982375 40.1163664916369)"
"A-Injury","Other non collision","Clear","Daylight","Dry","No Controls","Urbana","2009","0","1","1529","POINT (-88.1956297097827 40.1066688203929)"
"A-Injury","Overturned","Other","Darkness","Wet","Lane Use Marking","Unincorporated","2006","0","1","834","POINT (-88.3033854530664 39.9478684901256)"
"A-Injury","Turning","Clear","Daylight","Wet","Traffic Signal","Champaign","2009","0","3","1530","POINT (-88.2435083971861 40.1163595734927)"
"A-Injury","Turning","Rain","Darkness, lighted road","Dry","No Controls","Champaign","2009","0","1","1531","POINT (-88.2579012999034 40.1212855668128)"
"A-Injury","SIDESWIPE SAME DIRECTION","Rain","Daylight","Wet","No Controls","Urbana","2009","0","1","1532","POINT (-88.2252645340212 40.1105614893607)"
"A-Injury","Angle","Clear","Darkness","Dry","Traffic Signal","Champaign","2009","0","2","1533","POINT (-88.2768095617902 40.1164604963495)"
"A-Injury","Rear end","Clear","Daylight","Dry","No Controls","Champaign","2009","0","1","1534","POINT (-88.2653410410642 40.1365797240159)"
"A-Injury","Turning","Clear","Daylight","Dry","Traffic Signal","Champaign","2009","0","1","1535","POINT (-88.2689081084708 40.0982200976792)"
"A-Injury","Angle","Clear","Daylight","Dry","Stop Sign/Flasher","Urbana","2009","0","1","1536","POINT (-88.2049685063977 40.1056301226627)"
"A-Injury","Turning","Clear","Daylight","Dry","Traffic Signal","Unincorporated","2009","0","1","1537","POINT (-88.3145312017204 40.1132470157495)"
"A-Injury","Turning","Clear","Daylight","Dry","Stop Sign/Flasher","THOMASBORO","2009","0","1","1538","POINT (-88.1830078990477 40.2388013480075)"
"A-Injury","Overturned","Clear","Dusk","Dry","No Controls","Unincorporated","2009","0","1","1539","POINT (-88.0963185381616 40.0840225555409)"
"A-Injury","Overturned","Clear","Darkness","Dry","Lane Use Marking","Unincorporated","2009","0","1","1540","POINT (-87.9933176460297 40.120041461334)"
"A-Injury","Pedalcyclist","Clear","Daylight","Dry","Lane Use Marking","Unincorporated","2009","0","1","1541","POINT (-88.1703056683161 40.1124224849797)"
"A-Injury","Angle","Clear","Daylight","Dry","Other Warning Sign","Unincorporated","2009","0","1","1542","POINT (-88.2384394288533 40.0833190815993)"
"A-Injury","Pedalcyclist","Clear","Daylight","Wet","No Controls","Champaign","2009","0","1","1544","POINT (-88.2387113515052 40.1103655802046)"
"A-Injury","Overturned","Clear","Darkness","Dry","No Controls","Unincorporated","2009","0","1","1545","POINT (-87.9535757063218 40.2988659786832)"
"A-Injury","Angle","Rain","Daylight","Wet","No Controls","Unincorporated","2009","0","2","1546","POINT (-88.0790792080835 40.3563912575567)"
"A-Injury","Rear end","Clear","Daylight","Dry","No Controls","Champaign","2009","0","2","1547","POINT (-88.2388210689595 40.1286588844238)"
"A-Injury","Pedalcyclist","Clear","Daylight","Dry","No Controls","Champaign","2009","0","1","1548","POINT (-88.2290687235089 40.1163957470726)"
"A-Injury","Fixed object","Clear","Daylight","Dry","No Controls","Rantoul","2009","0","1","1549","POINT (-88.1637694888389 40.2981571103865)"
"A-Injury","Angle","Clear","Darkness","Dry","Stop Sign/Flasher","Unincorporated","2009","0","3","1550","POINT (-88.2173114755257 39.9084399695433)"
"A-Injury","Angle","Clear","Daylight","Dry","Stop Sign/Flasher","Unincorporated","2009","0","3","1551","POINT (-88.0404794566715 40.297940883793)"
"A-Injury","Angle","Clear","Daylight","Dry","No Controls","Unincorporated","2009","0","3","1552","POINT (-88.1427902170715 40.040348602257)"
"A-Injury","Turning","Clear","Daylight","Dry","Stop Sign/Flasher","Champaign","2009","0","2","1553","POINT (-88.3080626952285 40.1277293772276)"
"A-Injury","Fixed object","Clear","Darkness","Wet","No Controls","Unincorporated","2009","0","1","1554","POINT (-88.2134464106127 40.3885034626663)"
"A-Injury","Pedalcyclist","Clear","Daylight","Dry","No Controls","Urbana","2009","0","1","1555","POINT (-88.2214698894352 40.1059893569774)"
"A-Injury","Turning","Rain","Daylight","Wet","Traffic Signal","Urbana","2009","0","1","1556","POINT (-88.2049686952829 40.1163195845287)"
"A-Injury","Angle","Clear","Daylight","Dry","No Controls","Unincorporated","2009","0","4","1557","POINT (-88.0790792080835 40.3563912575567)"
"A-Injury","Fixed object","Rain","Daylight","Wet","Lane Use Marking","Champaign","2009","0","1","1558","POINT (-88.2606790467045 40.1354073588864)"
"A-Injury","Turning","Rain","Daylight","Wet","Lane Use Marking","Champaign","2009","0","1","1559","POINT (-88.2467213289483 40.1058805272024)"
"A-Injury","Turning","Clear","Daylight","Dry","Stop Sign/Flasher","Champaign","2009","0","1","1560","POINT (-88.2468413012359 40.1153400322893)"
"A-Injury","Angle","Rain","Darkness","Wet","Traffic Signal","Champaign","2009","0","5","1561","POINT (-88.2816993592703 40.1184699093583)"
"A-Injury","Fixed object","Rain","Daylight","Wet","No Controls","Urbana","2009","0","2","1562","POINT (-88.204870120569 40.0951195415257)"
"A-Injury","Angle","Rain","Darkness","Wet","Stop Sign/Flasher","Champaign","2009","0","1","1563","POINT (-88.2817404383998 40.0983391186349)"
"A-Injury","Turning","Clear","Daylight","Dry","Traffic Signal","Champaign","2009","0","1","1564","POINT (-88.2579793640202 40.1321710482859)"
"A-Injury","Rear end","Clear","Darkness, lighted road","Dry","Traffic Signal","Champaign","2009","0","4","1565","POINT (-88.2787260717356 40.1128491885283)"
"A-Injury","PARKED MOTOR VEHICLE","Clear","Darkness, lighted road","Dry","No Controls","Champaign","2009","0","1","1566","POINT (-88.2605987334634 40.119212347291)"
"A-Injury","Pedestrian","Rain","Daylight","Wet","No Controls","Urbana","2009","0","1","1567","POINT (-88.2045987190108 40.11248019111)"
"A-Injury","Rear end","Clear","Daylight","Dry","Traffic Signal","Champaign","2009","0","1","1569","POINT (-88.2435611177968 40.1272001712059)"
"A-Injury","Pedestrian","Clear","Daylight","Dry","Other Warning Sign","Champaign","2009","0","1","1570","POINT (-88.2386912386381 40.1079468779865)"
"A-Injury","Rear end","Clear","Daylight","Dry","Traffic Signal","Urbana","2009","0","1","1571","POINT (-88.2194809957241 40.120069843808)"
"A-Injury","Angle","Rain","Darkness, lighted road","Wet","Traffic Signal","Champaign","2009","0","1","1572","POINT (-88.2387090289841 40.1102291496086)"
"A-Injury","SIDESWIPE SAME DIRECTION","Clear","Daylight","Dry","Lane Use Marking","Unincorporated","2009","0","1","1573","POINT (-88.1777858300355 40.2654725154564)"
"A-Injury","Fixed object","Clear","Daylight","Wet","No Controls","Unincorporated","2009","0","2","1574","POINT (-87.9504723049619 40.3311055094164)"
"A-Injury","Rear end","Clear","Daylight","Dry","No Controls","Champaign","2009","0","2","1575","POINT (-88.2937905419077 40.1275789839681)"
"A-Injury","Turning","Clear","Daylight","Dry","OTHER REGUALTORY SIGN","Urbana","2009","0","1","1576","POINT (-88.2022086305572 40.1273705025191)"
"A-Injury","Rear end","Clear","Darkness, lighted road","Dry","No Controls","Urbana","2009","0","2","1577","POINT (-88.1784485457116 40.114069264869)"
"A-Injury","Fixed object","Clear","Darkness","Dry","Lane Use Marking","Unincorporated","2003","0","1","97","POINT (-88.3034671755194 39.9712225364832)"
"A-Injury","Turning","Rain","Darkness","Wet","No Controls","Champaign","2009","0","1","1578","POINT (-88.2772209716285 40.1386851279154)"
"A-Injury","Pedalcyclist","Clear","Daylight","Dry","Traffic Signal","Champaign","2009","0","1","1579","POINT (-88.2335627605609 40.1163558711113)"
"A-Injury","Angle","Clear","Daylight","Dry","No Controls","Champaign","2009","0","1","1580","POINT (-88.2370583667849 40.1102600803275)"
"A-Injury","Angle","Clear","Daylight","Dry","Stop Sign/Flasher","Unincorporated","2009","0","1","1581","POINT (-88.3331986600013 40.113321132108)"
"A-Injury","Turning","Rain","Dusk","Wet","Traffic Signal","Urbana","2009","0","1","1582","POINT (-88.1621603328049 40.0839895476106)"
"A-Injury","Pedalcyclist","Rain","Daylight","Wet","Stop Sign/Flasher","Champaign","2009","0","1","1583","POINT (-88.2353925012987 40.1126505144021)"
"A-Injury","Angle","Clear","Daylight","Dry","Stop Sign/Flasher","Champaign","2009","0","2","1584","POINT (-88.2500711878885 40.1163091752351)"
"A-Injury","Rear end","FOG/SMOKE/HAZE","Daylight","Wet","No Controls","Champaign","2009","0","3","1585","POINT (-88.3044954268058 40.0985875637939)"
"A-Injury","Rear end","Clear","Darkness","Dry","Traffic Signal","Champaign","2009","0","1","1586","POINT (-88.2334887778673 40.1040699289545)"
"A-Injury","Other non collision","Rain","Dawn","Wet","No Controls","Unincorporated","2009","0","1","1587","POINT (-88.3148209421938 40.1420894421985)"
"A-Injury","Rear end","Clear","Darkness","Dry","Lane Use Marking","Unincorporated","2009","0","1","1588","POINT (-88.4207351562756 40.1202735891778)"
"A-Injury","Turning","Rain","Darkness","Wet","Traffic Signal","Champaign","2009","0","1","1589","POINT (-88.2445882869078 40.0980934445949)"
"A-Injury","PARKED MOTOR VEHICLE","Clear","Darkness","Dry","No Controls","Champaign","2009","0","2","1590","POINT (-88.2878870866918 40.0949933510805)"
"A-Injury","Rear end","Clear","Daylight","Dry","Lane Use Marking","Unincorporated","2009","0","1","1592","POINT (-88.2975933875485 40.113055744739)"
"A-Injury","Angle","Rain","Daylight","Wet","Stop Sign/Flasher","Unincorporated","2009","0","4","1593","POINT (-88.1557405012096 40.3852887377146)"
"A-Injury","Fixed object","Clear","Daylight","Dry","No Controls","Unincorporated","2009","0","1","1594","POINT (-88.2585128455868 40.1891251537974)"
"A-Injury","Pedestrian","Clear","Darkness, lighted road","Dry","No Controls","Urbana","2009","0","2","1595","POINT (-88.2287612428903 40.1173598488223)"
"A-Injury","Turning","Clear","Daylight","Wet","Stop sign / flasher","Champaign","1999","0","1","445","POINT (-88.2682107086129 40.1127651181772)"
"A-Injury","Rear end","Rain","Daylight","Wet","No Controls","Champaign","1999","0","7","446","POINT (-88.2389254670918 40.1343236259909)"
"A-Injury","Rear end","Clear","Daylight","Dry","No Controls","Rantoul","1999","0","1","447","POINT (-88.1834536462494 40.3168453938703)"
"A-Injury","Angle","Clear","Darkness","Dry","Stop Sign/Flasher","Unincorporated","2009","0","2","1596","POINT (-88.1616482687062 40.04016877052)"
"A-Injury","Turning","Clear","Daylight","Dry","No Controls","Urbana","2009","0","2","1597","POINT (-88.1659803096173 40.1133229381398)"
"A-Injury","Pedalcyclist","Rain","Daylight","Wet","Stop Sign/Flasher","Urbana","2009","0","1","1598","POINT (-88.2048612957363 40.0946794861427)"
"A-Injury","Fixed object","Clear","Daylight","Dry","Lane Use Marking","Urbana","2009","0","2","1599","POINT (-88.203940754159 40.135113805646)"
"A-Injury","Angle","Clear","Darkness","Dry","No Controls","Champaign","2009","0","3","1600","POINT (-88.2772209657949 40.1386848278735)"
"A-Injury","Rear end","Clear","Daylight","Dry","Lane Use Marking","Unincorporated","2009","0","2","1601","POINT (-88.207311200477 40.1352296325078)"
"A-Injury","Fixed object","Rain","Darkness","Wet","No Controls","PHILO","2009","0","1","1602","POINT (-88.1613814160698 39.9965808789296)"
"A-Injury","Fixed object","Snow","Daylight","Snow or slush","Lane Use Marking","Unincorporated","2009","0","1","1603","POINT (-88.0596145235149 40.1205785964385)"
"A-Injury","Rear end","Clear","Daylight","Wet","No Controls","Champaign","2009","0","1","1604","POINT (-88.2770693731702 40.1330468948834)"
"A-Injury","Angle","Clear","Daylight","Dry","Stop Sign/Flasher","Champaign","2009","0","3","1605","POINT (-88.2500491249575 40.1126086477286)"
"A-Injury","Rear end","Clear","Darkness, lighted road","Dry","No Controls","Champaign","2009","0","2","1606","POINT (-88.2534774786327 40.0981198827392)"
"A-Injury","Turning","Clear","Darkness, lighted road","Dry","Traffic Signal","Mahomet","2009","0","1","1607","POINT (-88.3652600147976 40.1842791332785)"
"A-Injury","Rear end","Clear","Daylight","Dry","Traffic Signal","Champaign","2009","0","1","1608","POINT (-88.2580194433672 40.1341892339031)"
"A-Injury","Overturned","Snow","Darkness","Snow or slush","Lane Use Marking","Unincorporated","2009","0","1","1609","POINT (-88.3034889617065 39.9573821580027)"
"A-Injury","Turning","Clear","Daylight","Snow or slush","Traffic Signal","Urbana","2009","0","1","1610","POINT (-88.1904503710332 40.0838087934435)"
"A-Injury","Overturned","Snow","Darkness","Snow or slush","Lane Use Marking","Unincorporated","2009","0","2","1611","POINT (-88.3038293414476 39.9903026454263)"
"A-Injury","Rear end","Snow","Daylight","Snow or Slush","No Controls","Champaign","2010","0","1","1626","POINT (-88.286886 40.127529)"
"A-Injury","Head on","Clear","Darkness","Wet","Lane Use Marking","Unincorporated","2009","0","3","1612","POINT (-88.1821706990094 40.1952119314026)"
"A-Injury","PARKED MOTOR VEHICLE","Snow","Daylight","Ice","Lane Use Marking","Unincorporated","2009","0","1","1613","POINT (-88.1786167452625 40.3245494233321)"
"A-Injury","Turning","Clear","Daylight","Wet","Traffic Signal","Champaign","2009","0","1","1614","POINT (-88.2579776953768 40.1321703293564)"
"A-Injury","Rear end","Clear","Darkness","Dry","No Controls","Champaign","2009","0","2","1615","POINT (-88.2386321630873 40.1026992480365)"
"A-Injury","PARKED MOTOR VEHICLE","Clear","Darkness","Dry","No Controls","Urbana","2009","0","2","1616","POINT (-88.1759524618658 40.1040317253637)"
"A-Injury","Pedestrian","Clear","Daylight","Wet","No Controls","Unincorporated","2010","0","2","1617","POINT (-88.2734519647289 40.143943179759)"
"A-Injury","Angle","Fog/Smoke/Haze","Daylight","Wet","Traffic Signal","Champaign","2010","0","1","1618","POINT (-88.2451466544176 40.1125905232306)"
"A-Injury","Angle","Clear","Darkness","Dry","Stop Sign/Flasher","Unincorporated","2010","0","1","1619","POINT (-88.2378604571786 40.0104694955878)"
"A-Injury","Overturned","Clear","Darkness","Ice","No Controls","Unincorporated","2010","0","1","1620","POINT (-88.2380966847627 40.0324748731034)"
"A-Injury","Sideswipe Same Direction","Snow","Dusk","Ice","Lane Use Marking","Mahomet","2010","0","1","1621","POINT (-88.3941831765861 40.1966699989632)"
"A-Injury","Sideswipe Opposite Direction","Clear","Daylight","Wet","Lane Use Marking","Urbana","2010","0","2","1622","POINT (-88.2050757952223 40.1152268924036)"
"A-Injury","Angle","Clear","Daylight","Wet","Stop Sign/Flasher","Champaign","2010","0","1","1624","POINT (-88.2414510859312 40.0945098561767)"
"A-Injury","Turning","Clear","Daylight","Dry","No Controls","Champaign","2010","0","2","1625","POINT (-88.2670409701433 40.127295610927)"
"A-Injury","Angle","Clear","Daylight","Ice","Stop Sign/Flasher","Unincorporated","2010","0","2","1627","POINT (-88.4452591373895 40.1076409232397)"
"A-Injury","Fixed object","Clear","Darkness","Dry","No Controls","Unincorporated","2010","0","2","1628","POINT (-88.3141787257155 40.1420910696334)"
"A-Injury","Pedestrian","Clear","Darkness, lighted road","Wet","No Controls","Champaign","2010","0","1","1629","POINT (-88.2337636039307 40.1214450558028)"
"A-Injury","Parked Motor Vehicle","Rain","Darkness","Wet","Traffic Signal","Champaign","2010","0","1","1630","POINT (-88.2436806954761 40.1325986891195)"
"A-Injury","Pedalcyclist","Clear","Daylight","Dry","Stop Sign/Flasher","Champaign","2010","0","1","1631","POINT (-88.2452205430016 40.1202116119752)"
"A-Injury","Angle","Clear","Darkness, lighted road","Dry","Stop Sign/Flasher","Champaign","2010","0","2","1632","POINT (-88.2320504653493 40.1102999645289)"
"A-Injury","Rear end","Clear","Daylight","Dry","No Controls","Champaign","2010","0","3","1633","POINT (-88.2768979203512 40.1201005937755)"
"A-Injury","Angle","Clear","Darkness, lighted road","Dry","Traffic Signal","Champaign","2010","0","4","1634","POINT (-88.2426392802495 40.1163716516023)"