"crash_severity","collision_type","weather","light","road_surface","traffic_control","city","year","fatality","injury","id","Geometry"
"A-Injury","Overturned","Clear","Daylight","Snow or Slush","No Controls","Unincorporated","2010","0","2","1635","POINT (-88.0593179270831 40.2656857551184)"
"A-Injury","Rear end","Clear","Darkness","Dry","No Controls","Tolono","2010","0","1","1636","POINT (-88.2614313488925 39.9914902550683)"
"A-Injury","Angle","Clear","Daylight","Dry","Lane Use Marking","Unincorporated","2010","0","2","1637","POINT (-88.1616482687062 40.04016877052)"
"A-Injury","Rear end","Clear","Daylight","Dry","Traffic Signal","Champaign","2010","0","1","1638","POINT (-88.2579584086592 40.1380311319108)"
"A-Injury","Overturned","Clear","Darkness","Dry","No Controls","Bondville","2010","0","1","1640","POINT (-88.3695917615654 40.115903170059)"
"A-Injury","Rear end","Clear","Darkness","Dry","No Controls","Unincorporated","2010","0","3","1641","POINT (-88.3571104344051 40.3546510310295)"
"A-Injury","Angle","Rain","Daylight","Wet","No Controls","Unincorporated","2010","0","2","1642","POINT (-88.2163373693904 40.128761739353)"
"A-Injury","Other Non-Collision","Rain","Darkness","Wet","No Controls","Mahomet","2010","0","2","1643","POINT (-88.3653275868787 40.188892297392)"
"A-Injury","Fixed object","Clear","Darkness","Dry","Lane Use Marking","Champaign","2010","0","1","1644","POINT (-88.289187124851 40.1508334076533)"
"A-Injury","Rear end","Clear","Daylight","Wet","No Controls","Champaign","2010","0","1","1645","POINT (-88.2447106161215 40.1331473571087)"
"A-Injury","Pedestrian","Clear","Daylight","Dry","No Controls","Champaign","2010","0","1","1646","POINT (-88.2354879465929 40.1079628421227)"
"A-Injury","Turning","Clear","Daylight","Dry","Stop Sign/Flasher","Unincorporated","2010","0","2","1647","POINT (-88.2745328196792 40.0836960520147)"
"A-Injury","Rear end","Clear","Daylight","Dry","No Controls","Champaign","2010","0","1","1648","POINT (-88.2576898000077 40.1034102930011)"
"A-Injury","Angle","Clear","Daylight","Dry","Stop Sign/Flasher","Champaign","2010","0","2","1649","POINT (-88.2575309666605 40.0864603619617)"
"A-Injury","Other Object","Clear","Daylight","Dry","No Controls","Champaign","2010","0","1","1650","POINT (-88.3267946422315 40.0987380342442)"
"A-Injury","Angle","Rain","Darkness, lighted road","Wet","Traffic signal","Champaign","2000","0","1","302","POINT (-88.2451371508181 40.112631524087)"
"A-Injury","Turning","Clear","Daylight","Dry","No Controls","Unincorporated","2010","0","4","1651","POINT (-88.0095686596203 39.9085290562175)"
"A-Injury","Fixed object","Rain","Daylight","Wet","Stop Sign/Flasher","Unincorporated","2010","0","2","1652","POINT (-88.0476517509858 40.0909511549283)"
"A-Injury","Head on","Clear","Darkness","Dry","Lane Use Marking","Unincorporated","2010","0","3","1653","POINT (-88.3032202036894 39.961319740867)"
"A-Injury","Fixed object","Clear","Darkness, lighted road","Dry","No Controls","Urbana","2010","0","2","1654","POINT (-88.1910125413646 40.1030535589468)"
"A-Injury","Angle","Clear","Daylight","Dry","Stop Sign/Flasher","Unincorporated","2010","0","2","1655","POINT (-88.0476517509858 40.0909511549283)"
"A-Injury","Turning","Clear","Daylight","Dry","No Controls","Unincorporated","2010","0","1","1656","POINT (-88.2734613505642 40.1447692341203)"
"A-Injury","Turning","Clear","Daylight","Dry","No Controls","Unincorporated","2010","0","2","1657","POINT (-88.2378607314823 40.0104694030275)"
"A-Injury","Angle","Rain","Daylight","Wet","Stop Sign/Flasher","Unincorporated","2010","0","1","1658","POINT (-88.0476512482665 40.0909510293348)"
"A-Injury","Rear end","Clear","Daylight","Dry","No Controls","Champaign","2010","0","1","1659","POINT (-88.2690910100241 40.136862845006)"
"A-Injury","Fixed object","Clear","Darkness","Dry","Lane Use Marking","Unincorporated","2010","0","1","1660","POINT (-88.2527385147706 40.311435876729)"
"A-Injury","Angle","Clear","Daylight","Dry","Stop Sign/Flasher","Thomasboro","2010","0","2","1661","POINT (-88.1838599945056 40.2387994858603)"
"A-Injury","Rear end","Clear","Daylight","Dry","Other","Urbana","2010","0","1","1662","POINT (-88.1905580638193 40.0898675218397)"
"A-Injury","Pedestrian","Rain","Daylight","Wet","No Controls","Champaign","2010","0","1","1663","POINT (-88.2539429206728 40.1126495235437)"
"A-Injury","Angle","Clear","Dusk","Dry","Stop Sign/Flasher","Champaign","2010","0","1","1781","POINT (-88.2353901340516 40.1126505332631)"
"A-Injury","Sideswipe Same Direction","Clear","Daylight","Dry","Lane Use Marking","Unincorporated","2010","0","2","1664","POINT (-88.1457605880678 40.1203469689964)"
"A-Injury","Angle","Clear","Daylight","Dry","Traffic Signal","Urbana","2010","0","1","1665","POINT (-88.190699828222 40.0984105956338)"
"A-Injury","Angle","Clear","Daylight","Dry","Stop Sign/Flasher","Unincorporated","2010","0","2","1666","POINT (-88.4265984040021 40.1105873429099)"
"A-Injury","Pedalcyclist","Clear","Dusk","Dry","No Controls","Champaign","2010","0","1","1667","POINT (-88.2299337896495 40.125154549452)"
"A-Injury","Fixed object","Clear","Daylight","Dry","Lane Use Marking","Champaign","2010","0","1","1668","POINT (-88.2604829463913 40.1353779438408)"
"A-Injury","Rear end","Clear","Daylight","Dry","Traffic Signal","Champaign","2010","0","1","1669","POINT (-88.2801600979956 40.1274592306257)"
"A-Injury","Fixed object","Clear","Darkness, lighted road","Wet","Traffic Signal","Rantoul","2010","0","1","1670","POINT (-88.1557996762123 40.3081907097621)"
"A-Injury","Overturned","Clear","Daylight","Dry","Lane Use Marking","Unincorporated","2010","0","5","1671","POINT (-88.3037020095833 40.0697662079929)"
"A-Injury","Angle","Clear","Daylight","Dry","Traffic Signal","Champaign","2010","0","3","1673","POINT (-88.2579039770263 40.1182694456578)"
"A-Injury","Turning","Clear","Darkness, lighted road","Dry","Traffic signal","Champaign","2003","0","2","25","POINT (-88.2436555703959 40.1336166413166)"
"A-Injury","Turning","Clear","Daylight","Dry","Lane Use Marking","Unincorporated","2010","0","1","1674","POINT (-88.3147312645699 40.1603995030077)"
"A-Injury","Other Object","Clear","Daylight","Dry","Lane Use Marking","Unincorporated","2010","0","2","1675","POINT (-88.3024722898142 39.9265340008974)"
"A-Injury","Other Non-Collision","Clear","Darkness","Wet","No Controls","Champaign","2010","0","1","1676","POINT (-88.2423616658368 40.1119845563406)"
"A-Injury","Angle","Clear","Daylight","Dry","Stop Sign/Flasher","Thomasboro","2010","0","1","1677","POINT (-88.1824610674717 40.2533901115949)"
"A-Injury","Fixed object","Clear","Daylight","Dry","Traffic Signal","Champaign","2010","0","2","1678","POINT (-88.2582052646786 40.0836061198006)"
"A-Injury","Overturned","Rain","Daylight","Wet","Lane Use Marking","Champaign","2010","0","3","1679","POINT (-88.2821194793268 40.1468747405076)"
"A-Injury","Fixed object","Clear","Daylight","Dry","No Controls","Unincorporated","2010","0","1","1680","POINT (-88.1439803421724 40.0549097100719)"
"A-Injury","Overturned","Clear","Daylight","Dry","Lane Use Marking","Unincorporated","2010","0","1","1681","POINT (-87.9453130465929 40.1117223312414)"
"A-Injury","Angle","Clear","Daylight","Dry","Traffic Signal","Urbana","2010","0","2","1682","POINT (-88.1994298728964 40.1273891910681)"
"A-Injury","Fixed object","Clear","Daylight","Dry","No Controls","Unincorporated","2010","0","1","1683","POINT (-88.3652600177603 40.1906371669864)"
"A-Injury","Rear end","Clear","Daylight","Dry","No Controls","Urbana","2010","0","1","1684","POINT (-88.2100403803609 40.1165077039458)"
"A-Injury","Turning","Clear","Daylight","Dry","Traffic Signal","Urbana","2010","0","1","1685","POINT (-88.2050012736326 40.1124497905026)"
"A-Injury","Rear end","Fog/Smoke/Haze","Daylight","Dry","Lane Use Marking","Unincorporated","2010","0","8","1686","POINT (-87.9587210372465 40.3132280271757)"
"A-Injury","Angle","Clear","Dusk","Dry","No Controls","Unincorporated","2010","0","3","1688","POINT (-88.0662164301673 39.9233985937396)"
"A-Injury","Rear end","Clear","Daylight","Dry","Lane Use Marking","Unincorporated","2010","0","3","1689","POINT (-88.09715364394 40.1206301839172)"
"A-Injury","Angle","Clear","Daylight","Dry","Stop Sign/Flasher","Champaign","2010","0","3","1690","POINT (-88.2672494423595 40.1127493520732)"
"A-Injury","Fixed object","Clear","Daylight","Dry","Lane Use Marking","Urbana","2010","0","3","1691","POINT (-88.2308654436112 40.1349921364717)"
"A-Injury","Turning","Clear","Daylight","Dry","Traffic Signal","Urbana","2010","0","1","1692","POINT (-88.2195511187013 40.1341497411231)"
"A-Injury","Fixed object","Rain","Daylight","Wet","Lane Use Marking","Champaign","2010","0","1","1693","POINT (-88.2394295393062 40.1347786316239)"
"A-Injury","Fixed object","Clear","Daylight","Wet","Lane Use Marking","Champaign","2010","0","1","1695","POINT (-88.2832682983505 40.1457772067206)"
"A-Injury","Fixed object","Clear","Daylight","Dry","Lane Use Marking","Unincorporated","2010","0","1","1696","POINT (-88.1333198246479 40.3707608263186)"
"A-Injury","Rear end","Clear","Daylight","Dry","Traffic Signal","Urbana","2010","0","1","1697","POINT (-88.2193810329228 40.1164311332562)"
"A-Injury","Turning","Clear","Darkness","Dry","Traffic Signal","Champaign","2010","0","2","1698","POINT (-88.2579034475667 40.1182706594738)"
"A-Injury","Turning","Clear","Darkness","Dry","Traffic Signal","Champaign","2010","0","3","1699","POINT (-88.2468761563827 40.0835694625178)"
"A-Injury","Angle","Clear","Daylight","Dry","Traffic signal","Champaign","2000","0","2","303","POINT (-88.2578465808394 40.1182575235972)"
"A-Injury","Rear end","Clear","Daylight","Dry","Lane Use Marking","Unincorporated","2000","0","1","305","POINT (-87.9938465319199 40.1199614265931)"
"A-Injury","Angle","Clear","Daylight","Dry","Stop Sign/Flasher","Unincorporated","2010","0","2","1700","POINT (-88.0665285289108 39.9818195424254)"
"A-Injury","Angle","Clear","Daylight","Dry","Lane Use Marking","Champaign","2010","0","1","1701","POINT (-88.2726288860386 40.1128033431295)"
"A-Injury","Rear end","Clear","Daylight","Dry","Traffic Signal","Champaign","2010","0","1","1702","POINT (-88.2385206856358 40.0980391908685)"
"A-Injury","Turning","Clear","Daylight","Dry","No Controls","Champaign","2010","0","1","1703","POINT (-88.2506108230905 40.1420402862221)"
"A-Injury","Angle","Rain","Darkness, lighted road","Wet","No Controls","Champaign","2010","0","3","1704","POINT (-88.2304285568393 40.116361229086)"
"A-Injury","Rear end","Clear","Daylight","Dry","Lane Use Marking","Unincorporated","2010","0","1","1705","POINT (-88.3048212262454 40.1160911194946)"
"A-Injury","Turning","Clear","Dusk","Dry","Stop Sign/Flasher","Urbana","2010","0","1","1706","POINT (-88.2276484772938 40.1273355010035)"
"A-Injury","Pedestrian","Clear","Daylight","Dry","No Controls","Champaign","2010","0","1","1707","POINT (-88.2511423237451 40.1288032649433)"
"A-Injury","Rear end","Rain","Daylight","Wet","Lane Use Marking","Unincorporated","2010","0","1","1708","POINT (-88.303611437567 39.9705425761115)"
"A-Injury","Rear end","Clear","Daylight","Dry","No Controls","Champaign","2010","0","1","1709","POINT (-88.2387277614997 40.1163404709011)"
"A-Injury","Angle","Clear","Darkness","Dry","Stop Sign/Flasher","Philo","2010","0","1","1710","POINT (-88.1614152990513 40.0110627745879)"
"A-Injury","Fixed object","Clear","Daylight","Dry","Lane Use Marking","Unincorporated","2010","0","1","1711","POINT (-88.270946743474 40.3113130688214)"
"A-Injury","Fixed object","Clear","Daylight","Dry","Lane Use Marking","Unincorporated","2010","0","1","1712","POINT (-87.9924879654565 40.1125339920266)"
"A-Injury","Turning","Clear","Daylight","Dry","No Controls","Rantoul","2010","0","1","1713","POINT (-88.1722505626181 40.308289992295)"
"A-Injury","Parked Motor Vehicle","Clear","Daylight","Dry","Lane Use Marking","Champaign","2010","0","1","1714","POINT (-88.2524169464905 40.1126358479748)"
"A-Injury","Sideswipe Opposite Direction","Clear","Daylight","Dry","Stop Sign/Flasher","Champaign","2010","0","1","1715","POINT (-88.2868632449939 40.1275188563577)"
"A-Injury","Angle","Clear","Daylight","Dry","Stop Sign/Flasher","Urbana","2010","0","1","1716","POINT (-88.2131390628322 40.109169949398)"
"A-Injury","Turning","Clear","Daylight","Dry","Traffic Signal","Champaign","2010","0","2","1717","POINT (-88.2828293462171 40.1128913552239)"
"A-Injury","Turning","Clear","Daylight","Dry","No Controls","Champaign","2010","0","2","1718","POINT (-88.2488594932418 40.098105752555)"
"A-Injury","Fixed object","Rain","Darkness","Wet","Lane Use Marking","Unincorporated","2010","0","2","1719","POINT (-88.1425416567529 40.3722067287265)"
"A-Injury","Pedestrian","Clear","Darkness, lighted road","Dry","No Controls","Urbana","2010","0","1","1720","POINT (-88.2222074647494 40.1164201568227)"
"A-Injury","Rear end","Clear","Daylight","Dry","Lane Use Marking","Unincorporated","2010","0","2","1722","POINT (-88.1443795516422 40.1203550083532)"
"A-Injury","Rear end","Clear","Daylight","Dry","Lane Use Marking","Urbana","2010","0","3","1723","POINT (-88.1546756353331 40.1133458293378)"
"A-Injury","Angle","Clear","Daylight","Dry","Stop Sign/Flasher","Champaign","2010","0","1","1724","POINT (-88.2353909905643 40.1126586026873)"
"A-Injury","Rear end","Clear","Daylight","Dry","Lane Use Marking","Urbana","2010","0","3","1725","POINT (-88.1630975677909 40.1202483820557)"
"A-Injury","Overturned","Clear","Daylight","Dry","Lane Use Marking","Unincorporated","2010","0","1","1726","POINT (-88.2521676216181 40.174647516557)"
"A-Injury","Angle","Clear","Daylight","Dry","Stop Sign/Flasher","Champaign","2010","0","1","1727","POINT (-88.2558288111419 40.1101403890726)"
"A-Injury","Angle","Clear","Daylight","Dry","Stop Sign/Flasher","Unincorporated","2010","0","2","1728","POINT (-88.097818456942 40.3123799983885)"
"A-Injury","Turning","Clear","Daylight","Dry","No Controls","Unincorporated","2010","0","3","1729","POINT (-88.2414402383051 40.1780163453503)"
"A-Injury","Angle","Clear","Daylight","Dry","Traffic Signal","Champaign","2010","0","3","1730","POINT (-88.2579034068723 40.1182673622994)"
"A-Injury","Sideswipe Same Direction","Clear","Daylight","Dry","Lane Use Marking","Mahomet","2010","0","7","1731","POINT (-88.3524997496463 40.182931064505)"
"A-Injury","Overturned","Clear","Daylight","Dry","Lane Use Marking","Unincorporated","2010","0","3","1732","POINT (-88.3845508010721 40.2830161292789)"
"A-Injury","Pedalcyclist","Clear","Daylight","Dry","No Controls","Urbana","2010","0","1","1733","POINT (-88.1906703141254 40.0949729123587)"
"A-Injury","Angle","Clear","Daylight","Dry","Stop Sign/Flasher","Champaign","2010","0","4","1734","POINT (-88.2320814992505 40.1126803203407)"
"A-Injury","Pedalcyclist","Clear","Daylight","Dry","Stop Sign/Flasher","Champaign","2010","0","1","1735","POINT (-88.2451672678201 40.1144299014552)"
"A-Injury","Fixed object","Clear","Daylight","Dry","No Controls","Champaign","2010","0","2","1737","POINT (-88.3254131758301 40.0908597427998)"
"A-Injury","Turning","Rain","Daylight","Wet","Stop Sign/Flasher","Urbana","2010","0","1","1738","POINT (-88.2224096457622 40.1164185438028)"
"A-Injury","Pedestrian","Clear","Darkness, lighted road","Dry","No Controls","Champaign","2010","0","1","1739","POINT (-88.2764162169815 40.1128462301025)"
"A-Injury","Angle","Clear","Daylight","Dry","Traffic Signal","Urbana","2010","0","2","1740","POINT (-88.1994299669474 40.1273891911769)"
"A-Injury","Pedestrian","Clear","Daylight","Dry","No Controls","Champaign","2010","0","1","1741","POINT (-88.2859157243488 40.0983813394834)"
"A-Injury","Rear end","Clear","Daylight","Dry","Lane Use Marking","Unincorporated","2010","0","2","1742","POINT (-88.0612127943869 40.1205848042224)"
"A-Injury","Rear end","Clear","Daylight","Dry","No Controls","Champaign","2010","0","1","1743","POINT (-88.236503455223 40.1126428576862)"
"A-Injury","Turning","Clear","Daylight","Dry","Traffic Signal","Urbana","2010","0","1","1744","POINT (-88.2049685300961 40.1163195835221)"
"A-Injury","Rear end","Clear","Daylight","Dry","No Controls","Champaign","2010","0","3","1745","POINT (-88.2770744478311 40.1554200074108)"
"A-Injury","Rear end","Clear","Darkness","Dry","No Controls","Champaign","2010","0","2","1746","POINT (-88.2665213140936 40.0981996892497)"
"A-Injury","Overturned","Clear","Darkness","Dry","Lane Use Marking","Mahomet","2010","0","1","1747","POINT (-88.3629779784741 40.1860010385956)"
"A-Injury","Other Non-Collision","Clear","Darkness","Dry","No Controls","Champaign","2010","0","1","1748","POINT (-88.2739668144699 40.1118751951921)"
"A-Injury","Fixed object","Clear","Daylight","Dry","Lane Use Marking","Unincorporated","2010","0","1","1750","POINT (-88.3073468606093 40.1189667967367)"
"A-Injury","Rear end","Clear","Daylight","Dry","No Controls","Urbana","2010","0","1","1751","POINT (-88.2287586669874 40.1103520141878)"
"A-Injury","Angle","Clear","Daylight","Dry","Traffic Signal","Champaign","2010","0","1","1752","POINT (-88.2445883723397 40.0980934446604)"
"A-Injury","Angle","Clear","Daylight","Wet","Lane Use Marking","Champaign","2010","0","1","1753","POINT (-88.2809214460413 40.143467794061)"
"A-Injury","Pedestrian","Clear","Daylight","Dry","Traffic Signal","Champaign","2010","0","1","1754","POINT (-88.2445883723397 40.0980934446604)"
"A-Injury","Other Non-Collision","Clear","Daylight","Dry","Stop Sign/Flasher","Champaign","2010","0","1","1755","POINT (-88.2652381377581 40.1272700113664)"
"A-Injury","Sideswipe Same Direction","Clear","Daylight","Dry","Lane Use Marking","Urbana","2010","0","1","1756","POINT (-88.1949325583991 40.1337352937578)"
"A-Injury","Pedalcyclist","Clear","Daylight","Dry","Lane Use Marking","Champaign","2010","0","1","1757","POINT (-88.233343396156 40.1102842271743)"
"A-Injury","Turning","Clear","Daylight","Dry","Traffic Signal","Savoy","2010","0","2","1758","POINT (-88.2483711021516 40.0741488759426)"
"A-Injury","Turning","Clear","Daylight","Dry","No Controls","Champaign","2010","0","1","1759","POINT (-88.2284383860912 40.1273404960089)"
"A-Injury","Fixed object","Clear","Darkness","Dry","No Controls","Unincorporated","2010","0","1","1760","POINT (-87.9884985913533 40.3405955422466)"
"A-Injury","Sideswipe Opposite Direction","Clear","Daylight","Dry","No Controls","Urbana","2010","0","1","1761","POINT (-88.1731731583684 40.112706260766)"
"A-Injury","Fixed object","Clear","Daylight","Dry","No Controls","Champaign","2010","0","2","1762","POINT (-88.2468767239029 40.0835694618433)"
"A-Injury","Fixed object","Clear","Darkness","Dry","No Controls","Champaign","2010","0","1","1763","POINT (-88.232258548618 40.1272994789221)"
"A-Injury","Rear end","Clear","Daylight","Dry","No Controls","Champaign","2010","0","1","1764","POINT (-88.2652396312148 40.1272699285188)"
"A-Injury","Fixed object","Clear","Daylight","Dry","Stop Sign/Flasher","Urbana","2010","0","1","1765","POINT (-88.2089224010542 40.1107593759899)"
"A-Injury","Rear end","Clear","Daylight","Dry","No Controls","Champaign","2010","0","1","1766","POINT (-88.2452293614869 40.1181764289361)"
"A-Injury","Angle","Clear","Darkness","Dry","Lane Use Marking","Unincorporated","2010","0","2","1767","POINT (-88.2999859561036 40.1600308076699)"
"A-Injury","Fixed object","Clear","Daylight","Dry","No Controls","Champaign","2010","0","2","1768","POINT (-88.2952012269132 40.0985978334196)"
"A-Injury","Pedestrian","Rain","Darkness","Wet","Traffic Signal","Champaign","2009","0","1","1591","POINT (-88.2335626825195 40.1163554469249)"
"A-Injury","Overturned","Clear","Darkness","Dry","No Controls","Urbana","2010","0","1","1770","POINT (-88.1944113938459 40.0858609133501)"
"A-Injury","Fixed object","Clear","Darkness","Dry","Lane Use Marking","Unincorporated","2010","0","1","1771","POINT (-88.3848355040633 40.3266590916108)"
"A-Injury","Fixed object","Clear","Daylight","Dry","No Controls","Broadlands","2010","0","1","1772","POINT (-87.9945685680859 39.908900008685)"
"A-Injury","Rear end","Clear","Daylight","Dry","No Controls","Urbana","2010","0","1","1773","POINT (-88.2005594901837 40.1163192223279)"
"A-Injury","Sideswipe Same Direction","Clear","Daylight","Dry","Lane Use Marking","Unincorporated","2010","0","1","1774","POINT (-87.9892800974233 40.1198552638274)"
"A-Injury","Rear end","Clear","Daylight","Dry","Lane Use Marking","Champaign","2010","0","1","1775","POINT (-88.2434705461323 40.1102212697797)"
"A-Injury","Rear end","Clear","Daylight","Dry","No Controls","Champaign","2010","0","1","1776","POINT (-88.2764589211934 40.0950606421885)"
"A-Injury","Turning","Clear","Daylight","Dry","No Controls","Champaign","2010","0","1","1777","POINT (-88.2769940475864 40.1276889803488)"
"A-Injury","Turning","Clear","Darkness, lighted road","Dry","Stop Sign/Flasher","Champaign","2010","0","5","1778","POINT (-88.276560455285 40.1023700001551)"
"A-Injury","Angle","Clear","Daylight","Dry","Stop Sign/Flasher","Champaign","2010","0","1","1779","POINT (-88.2625000686593 40.1126795743781)"
"A-Injury","Sideswipe Opposite Direction","Rain","Daylight","Ice","Lane Use Marking","Champaign","2010","0","2","1780","POINT (-88.2709244708879 40.1570713992281)"
"A-Injury","Angle","Clear","Daylight","Dry","No Controls","Unincorporated","2010","0","3","1782","POINT (-88.0473710763459 39.9232504896342)"
"A-Injury","Pedalcyclist","Rain","Darkness, lighted road","Dry","Traffic Signal","Rantoul","2010","0","1","1783","POINT (-88.1365217326012 40.3121193053789)"
"A-Injury","Turning","Clear","Daylight","Dry","No Controls","Champaign","2010","0","2","1785","POINT (-88.2382839315598 40.1272310971374)"
"A-Injury","Rear end","Sleet/Hail","Daylight","Ice","No Controls","Champaign","2010","0","1","1786","POINT (-88.2772871723743 40.1405667416867)"
"A-Injury","Angle","Clear","Daylight","Dry","Traffic Signal","Champaign","2010","0","1","1787","POINT (-88.2466687457606 40.0980895304398)"
"A-Injury","Rear end","Clear","Daylight","Dry","No Controls","Champaign","2010","0","1","1788","POINT (-88.2388293565977 40.1295095611103)"
"A-Injury","Overturned","Clear","Daylight","Dry","Lane Use Marking","Unincorporated","2010","0","2","1789","POINT (-88.1977966112646 40.2375000929589)"
"A-Injury","Sideswipe Same Direction","Clear","Daylight","Dry","Lane Use Marking","Unincorporated","2010","0","5","1790","POINT (-88.0031077723086 40.120125214688)"
"A-Injury","Sideswipe Same Direction","Clear","Daylight","Ice","Lane Use Marking","Unincorporated","2010","0","1","1791","POINT (-88.187559704383 40.2622647028088)"
"A-Injury","Fixed object","Clear","Daylight","Dry","No Controls","Champaign","1999","0","2","448","POINT (-88.3049669289858 40.1122849616436)"
"A-Injury","Pedestrian","Clear","Daylight","Snow or Slush","Traffic Signal","Champaign","2010","0","1","1792","POINT (-88.2860601406215 40.112910943994)"
"A-Injury","Pedestrian","Snow","Darkness","Snow or Slush","No Controls","Unincorporated","2010","0","1","1793","POINT (-88.1715224575134 40.1077304067223)"
"A-Injury","Turning","Rain","Darkness","Wet","No Controls","Champaign","2010","0","1","1794","POINT (-88.2769890662438 40.1274102649)"
"A-Injury","Overturned","Clear","Daylight","Dry","No Controls","Unincorporated","2000","0","2","306","POINT (-88.2691703609613 39.8973916547181)"
"A-Injury","Rear end","Clear","Daylight","Dry","No Controls","Unincorporated","2000","0","2","307","POINT (-88.3134498678013 40.1596197535617)"
"A-Injury","Fixed object","Clear","Darkness","Ice","Lane Use Marking","Urbana","2010","0","9","1795","POINT (-88.2185697112979 40.1351183668235)"
"A-Injury","Pedestrian","Clear","Darkness","Dry","No Controls","Champaign","2010","0","1","1796","POINT (-88.26845498276 40.1273118204988)"
"A-Injury","Sideswipe Opposite Direction","Clear","Darkness","Dry","Lane Use Marking","Unincorporated","2010","0","3","1797","POINT (-88.3035157327827 40.0277943427626)"
"A-Injury","Fixed object","Clear","Darkness, lighted road","Dry","No Controls","Unincorporated","2010","0","1","1798","POINT (-88.3795998353655 40.196669875181)"
"A-Injury","Turning","Clear","Daylight","Dry","Traffic Signal","Champaign","2011","0","2","1799","POINT (-88.243560181578 40.1272001713038)"
"A-Injury","Fixed object","Snow","Daylight","Ice","Lane Use Marking","Unincorporated","2011","0","3","1800","POINT (-88.2707258061173 39.8986645953287)"
"A-Injury","Fixed object","Clear","Daylight","Dry","Lane Use Marking","Unincorporated","2011","0","1","1801","POINT (-87.9921765878156 40.1125315676622)"
"A-Injury","Angle","Clear","Daylight","Dry","Stop Sign/Flasher","Unincorporated","2011","0","2","1802","POINT (-88.1245892131547 40.1133486448991)"
"A-Injury","Turning","Clear","Daylight","Dry","Traffic Signal","Champaign","2011","0","1","1803","POINT (-88.2468109034362 40.1126097539457)"
"A-Injury","Rear end","Snow","Daylight","Snow or Slush","Lane Use Marking","Champaign","2011","0","1","1804","POINT (-88.304853081483 40.1188902381461)"
"A-Injury","Fixed object","Clear","Darkness","Ice","Lane Use Marking","Unincorporated","2011","0","3","1805","POINT (-88.1819845513831 40.166146845031)"
"A-Injury","Angle","Clear","Darkness, lighted road","Snow or Slush","Traffic Signal","Champaign","2011","0","4","1806","POINT (-88.2579054701893 40.1182694584342)"
"A-Injury","Turning","Clear","Darkness","Dry","Traffic Signal","Champaign","2011","0","2","1807","POINT (-88.2436199797834 40.1336105605322)"
"A-Injury","Angle","Clear","Daylight","Wet","Lane Use Marking","Champaign","2011","0","1","1808","POINT (-88.2869514909994 40.14901180362)"
"A-Injury","Fixed object","Other","Daylight","Ice","Lane Use Marking","Unincorporated","2011","0","1","1809","POINT (-88.4626929317984 40.212579620865)"
"A-Injury","Sideswipe Same Direction","Clear","Darkness, lighted road","Dry","Lane Use Marking","Champaign","2011","0","1","1810","POINT (-88.2627113439375 40.1357482322688)"
"A-Injury","Rear end","Clear","Darkness, lighted road","Dry","Lane Use Marking","Urbana","2011","0","2","1811","POINT (-88.2041264923993 40.1349972843112)"
"A-Injury","Train","Rain","Darkness","Wet","RR Crossing Gate","Champaign","2011","0","2","1812","POINT (-88.2360386104303 40.1272692806289)"
"A-Injury","Overturned","Sleet/Hail","Darkness","Ice","Lane Use Marking","Unincorporated","2011","0","2","1813","POINT (-88.3038055828128 40.049886704009)"
"A-Injury","Overturned","Clear","Daylight","Dry","Lane Use Marking","Unincorporated","2011","0","1","1815","POINT (-88.3035446858195 40.0553870660356)"
"A-Injury","Overturned","Rain","Daylight","Ice","Lane Use Marking","Unincorporated","2011","0","2","1816","POINT (-88.3039192408031 40.0606415638655)"
"A-Injury","Overturned","Clear","Darkness","Ice","Lane Use Marking","Unincorporated","2011","0","3","1817","POINT (-88.3848925104344 40.3529373002495)"
"A-Injury","Turning","Snow","Daylight","Ice","Lane Use Marking","Champaign","2011","0","2","1818","POINT (-88.2727495963825 40.1572387478047)"
"A-Injury","Pedalcyclist","Clear","Daylight","Dry","Traffic Signal","Urbana","2011","0","1","1819","POINT (-88.2194809671345 40.1200694053865)"