"crash_severity","collision_type","weather","light","road_surface","traffic_control","city","year","fatality","injury","id","Geometry"
"A-Injury","Overturned","Clear","Darkness","Dry","Lane Use Marking","Unincorporated","2011","0","1","1820","POINT (-88.1838011551163 40.2816365561753)"
"A-Injury","Pedestrian","Clear","Darkness","Dry","Other","Champaign","2011","0","1","1821","POINT (-88.2435091115853 40.1163595649879)"
"A-Injury","Angle","Clear","Daylight","Dry","Traffic Signal","Urbana","2011","0","2","1822","POINT (-88.1904503710332 40.0838087934435)"
"A-Injury","Turning","Clear","Daylight","Dry","Traffic Signal","Champaign","2011","0","1","1823","POINT (-88.2468489588096 40.1163408818701)"
"A-Injury","Angle","Clear","Darkness, lighted road","Dry","Stop Sign/Flasher","Champaign","2011","0","2","1824","POINT (-88.2468413169619 40.1153414482278)"
"A-Injury","Fixed object","Clear","Daylight","Sand, Mud, Dirt","No Controls","Mahomet","2011","0","5","1825","POINT (-88.4208233782582 40.1749860708122)"
"A-Injury","Sideswipe Same Direction","Clear","Daylight","Dry","No Controls","Urbana","2011","0","1","1826","POINT (-88.2194814125894 40.125104836724)"
"A-Injury","Head on","Clear","Daylight","Dry","No Controls","Rantoul","2011","0","2","1827","POINT (-88.1687722128656 40.2871537966663)"
"A-Injury","Pedestrian","Rain","Darkness, lighted road","Wet","Traffic Signal","Urbana","2011","0","1","1828","POINT (-88.1906998147208 40.0984098714558)"
"A-Injury","Rear end","Clear","Daylight","Dry","No Controls","Urbana","2011","0","3","1829","POINT (-88.2049970570614 40.1035539273001)"
"A-Injury","Turning","Rain","Daylight","Wet","Stop Sign/Flasher","Urbana","2011","0","1","1830","POINT (-88.1784406523811 40.112990613851)"
"A-Injury","Overturned","Clear","Daylight","Ice","No Controls","Unincorporated","2011","0","5","1831","POINT (-88.3039478916707 40.0253799337323)"
"A-Injury","Fixed object","Clear","Daylight","Dry","Lane Use Marking","Unincorporated","2011","0","2","1833","POINT (-88.143373262508 40.3711879291767)"
"A-Injury","Overturned","Clear","Darkness","Dry","No Controls","Unincorporated","2011","0","2","1834","POINT (-88.312363343962 39.9481535846636)"
"A-Injury","Rear end","Clear","Darkness, lighted road","Dry","Traffic Signal","Champaign","2011","0","1","1835","POINT (-88.2387294870596 40.1163404588595)"
"A-Injury","Overturned","Clear","Darkness","Dry","Lane Use Marking","Unincorporated","2011","0","1","1836","POINT (-88.2582302865624 40.010778736286)"
"A-Injury","Turning","Clear","Daylight","Dry","Traffic Signal","Urbana","2011","0","1","1837","POINT (-88.208930575988 40.1124394417019)"
"A-Injury","Rear end","Clear","Daylight","Dry","No Controls","Unincorporated","2011","0","2","1838","POINT (-88.3109710945505 40.1132209639359)"
"A-Injury","Angle","Clear","Daylight","Dry","Traffic signal","Champaign","1999","0","1","449","POINT (-88.2467409787724 40.0848197129335)"
"A-Injury","Overturned","Clear","Daylight","Dry","Lane Use Marking","Unincorporated","1999","0","4","450","POINT (-88.1835857714899 40.2769346753097)"
"A-Injury","Angle","Clear","Daylight","Wet","Lane Use Marking","Unincorporated","2000","0","2","304","GEOMETRYCOLLECTION EMPTY"
"A-Injury","Fixed object","Clear","Daylight","Dry","No Controls","Rantoul","2011","0","1","1839","POINT (-88.1549968616189 40.3119994747397)"
"A-Injury","Sideswipe Same Direction","Clear","Darkness","Dry","Lane Use Marking","Unincorporated","2011","0","1","1840","POINT (-88.1837863691548 40.2803269452229)"
"A-Injury","Overturned","Clear","Darkness","Dry","No Controls","Unincorporated","2000","0","1","308","POINT (-88.2929675414464 39.8809479974438)"
"A-Injury","Fixed object","Clear","Darkness","Dry","No Controls","Unincorporated","2000","0","2","309","POINT (-87.9598971774902 40.1432924868889)"
"A-Injury","Other non collision","Clear","Darkness","Dry","Lane Use Marking","Unincorporated","2000","0","1","310","GEOMETRYCOLLECTION EMPTY"
"A-Injury","Rear end","Rain","Daylight","Wet","Stop Sign/Flasher","Champaign","2011","0","2","1841","POINT (-88.2952095271554 40.0933010120688)"
"A-Injury","Rear end","Clear","Daylight","Dry","Police/Flagman","Champaign","2011","0","2","1842","POINT (-88.2626814759978 40.112679825728)"
"A-Injury","Overturned","Severe Cross Wind","Darkness, lighted road","Wet","Lane Use Marking","Champaign","2011","0","2","1843","POINT (-88.2782265971872 40.1414111551128)"
"A-Injury","Fixed object","Rain","Darkness","Wet","Stop Sign/Flasher","Unincorporated","2011","0","1","1844","POINT (-88.209270603277 40.0545489182813)"
"A-Injury","Fixed object","Severe Cross Wind","Darkness","Wet","Lane Use Marking","Champaign","2011","0","1","1845","POINT (-88.269602963025 40.1373798214968)"
"A-Injury","Angle","Rain","Daylight","Wet","No Controls","Unincorporated","2011","0","1","1846","POINT (-88.4252803067834 39.9231701090237)"
"A-Injury","Turning","Clear","Daylight","Dry","Stop Sign/Flasher","Tolono","2011","0","2","1847","POINT (-88.2636655823843 39.9813244743015)"
"A-Injury","Overturned","Clear","Darkness, lighted road","Dry","Lane Use Marking","Champaign","2011","0","2","1848","POINT (-88.3025464365707 40.1207589897691)"
"A-Injury","Turning","Clear","Daylight","Dry","No Controls","Urbana","2011","0","1","1849","POINT (-88.1978096430996 40.1109094656139)"
"A-Injury","Overturned","Clear","Darkness, lighted road","Dry","Lane Use Marking","Champaign","2011","0","1","1850","POINT (-88.3041512806812 40.0814431169925)"
"A-Injury","Pedalcyclist","Clear","Daylight","Dry","No Controls","Champaign","2011","0","1","1851","POINT (-88.2575734336513 40.1090310042719)"
"A-Injury","Rear end","Clear","Daylight","Dry","No Controls","Urbana","2011","0","1","1852","POINT (-88.1991518972816 40.1278681849447)"
"A-Injury","Angle","Rain","Daylight","Wet","Stop Sign/Flasher","Unincorporated","2011","0","2","1853","POINT (-87.9585197567854 40.0762200477636)"
"A-Injury","Angle","Clear","Daylight","Dry","Traffic Signal","Urbana","2011","0","1","1854","POINT (-88.1621603328049 40.0839895476106)"
"A-Injury","Rear end","Clear","Daylight","Dry","Lane Use Marking","Unincorporated","2011","0","1","1855","POINT (-88.093789758407 40.1207994243444)"
"A-Injury","Angle","Clear","Daylight","Dry","Stop Sign/Flasher","Savoy","2011","0","2","1856","POINT (-88.254410224709 40.069030559561)"
"A-Injury","Fixed object","Rain","Daylight","Wet","Lane Use Marking","Champaign","2011","0","2","1857","POINT (-88.2832774090151 40.1457978139629)"
"A-Injury","Rear end","Clear","Daylight","Dry","No Controls","Champaign","2011","0","2","1858","POINT (-88.2952431097003 40.1093487092503)"
"A-Injury","Rear end","Clear","Daylight","Dry","NA","Urbana","2011","0","1","1859","POINT (-88.2049100886999 40.0983310739398)"
"A-Injury","Turning","Clear","Daylight","Dry","No Controls","Champaign","2011","0","1","1860","POINT (-88.2577507153234 40.10903019856)"
"A-Injury","Pedalcyclist","Clear","Daylight","Dry","No Controls","Urbana","2011","0","1","1862","POINT (-88.2271221332278 40.1127484006515)"
"A-Injury","Turning","Clear","Daylight","Dry","Stop Sign/Flasher","Rantoul","2011","0","1","1863","POINT (-88.1556717398397 40.2965507432887)"
"A-Injury","Rear end","Clear","Daylight","Dry","Lane Use Marking","Champaign","2011","0","1","1864","POINT (-88.2625000686593 40.1126795743781)"
"A-Injury","Turning","Clear","Daylight","Dry","No Controls","Unincorporated","2011","0","3","1865","POINT (-88.3497702739653 40.0257813038778)"
"A-Injury","Overturned","Clear","Daylight","Dry","Lane Use Marking","Unincorporated","2011","0","1","1866","POINT (-88.1530956711333 40.3568377946347)"
"A-Injury","Rear end","Clear","Daylight","Dry","No Controls","Champaign","2011","0","1","1867","POINT (-88.2773855970352 40.1433194523018)"
"A-Injury","Rear end","Clear","Daylight","Wet","No Controls","Urbana","2011","0","1","1868","POINT (-88.2195500824643 40.128313437851)"
"A-Injury","Fixed object","Clear","Darkness, lighted road","Dry","No Controls","Rantoul","2011","0","1","1869","POINT (-88.1508668639506 40.3144935428928)"
"A-Injury","Overturned","Clear","Daylight","Dry","No Controls","Unincorporated","2011","0","1","1870","POINT (-88.2893857566613 40.2600012765187)"
"A-Injury","Overturned","Clear","Darkness, lighted road","Dry","No Controls","Champaign","2011","0","1","1871","POINT (-88.2575401488194 40.088051688117)"
"A-Injury","Pedestrian","Clear","Daylight","Dry","No Controls","Urbana","2011","0","1","1872","POINT (-88.2035990490459 40.105640562549)"
"A-Injury","Angle","Clear","Daylight","Dry","No Controls","Champaign","2011","0","2","1873","POINT (-88.2451490298286 40.1125905467255)"
"A-Injury","Sideswipe Same Direction","Clear","Dusk","Dry","No Controls","Urbana","2011","0","1","1874","POINT (-88.2051469343974 40.1163196836606)"
"A-Injury","Turning","Clear","Daylight","Dry","Traffic Signal","Champaign","2011","0","1","1875","POINT (-88.2468690972316 40.1271882870534)"
"A-Injury","Turning","Clear","Daylight","Dry","No Controls","Champaign","2011","0","1","1876","POINT (-88.273779630788 40.1329098656701)"
"A-Injury","Fixed object","Clear","Darkness","Dry","No Controls","Unincorporated","2011","0","1","1877","POINT (-88.1574683238661 40.0401880050186)"
"A-Injury","Turning","Clear","Darkness","Wet","Traffic Signal","Urbana","2011","0","4","1878","POINT (-88.2194809957241 40.120069843808)"
"A-Injury","Pedestrian","Rain","Darkness","Wet","No Controls","Urbana","2011","0","1","1879","POINT (-88.1956617695502 40.1056896247093)"
"A-Injury","Overturned","Clear","Daylight","Dry","No Controls","Urbana","2011","0","1","1880","POINT (-88.2143395816595 40.0990723127172)"
"A-Injury","Angle","Clear","Daylight","Dry","Traffic Signal","Champaign","2011","0","1","1882","POINT (-88.2768102093063 40.116460509293)"
"A-Injury","Turning","Clear","Daylight","Dry","Stop Sign/Flasher","Unincorporated","2011","0","1","1883","POINT (-88.3651000678396 40.1567695542042)"
"A-Injury","Fixed object","Clear","Darkness","Dry","Stop Sign/Flasher","Unincorporated","2011","0","1","1884","POINT (-88.4075084855352 40.1276993176667)"
"A-Injury","Overturned","Clear","Daylight","Dry","No Controls","Champaign","2011","0","1","1885","POINT (-88.2389833366425 40.1493904818274)"
"A-Injury","Angle","Fog / smoke / haze","Daylight","Dry","Stop sign / flasher","Thomasboro","2000","0","2","311","POINT (-88.1830986618121 40.2388001328631)"
"A-Injury","Overturned","Clear","Darkness","Ice","Lane Use Marking","Unincorporated","2000","0","1","313","POINT (-88.2008513181667 40.2296707306116)"
"A-Injury","Angle","Clear","Daylight","Dry","Stop Sign/Flasher","Champaign","2011","0","1","1886","POINT (-88.2387208269905 40.114370984676)"
"A-Injury","Other Non-Collision","Clear","Darkness","Dry","No Controls","Unincorporated","2011","0","1","1887","POINT (-87.9490236092105 40.3049778420437)"
"A-Injury","Other Non-Collision","Clear","Darkness","Dry","No Controls","Unincorporated","2011","0","1","1888","POINT (-87.9492553825893 40.3132221025427)"
"A-Injury","Fixed object","Clear","Daylight","Dry","Lane Use Marking","Unincorporated","2011","0","1","1889","POINT (-88.2676489323956 39.8951852083956)"
"A-Injury","Angle","Clear","Daylight","Dry","Lane Use Marking","Urbana","2011","0","1","1890","POINT (-88.202372809193 40.1018788238164)"
"A-Injury","Pedestrian","Clear","Daylight","Dry","No Controls","Champaign","2011","0","1","1891","POINT (-88.235392504874 40.1126505144051)"
"A-Injury","Fixed object","Clear","Daylight","Dry","No Controls","Urbana","2011","0","1","1892","POINT (-88.1995869822177 40.1163252733284)"
"A-Injury","Overturned","Clear","Daylight","Other","No Controls","Unincorporated","2011","0","1","1893","POINT (-88.4628216032229 40.0550591897905)"
"A-Injury","Turning","Clear","Daylight","Dry","Traffic Signal","Urbana","2011","0","1","1894","POINT (-88.1947784459393 40.1354537600312)"
"A-Injury","Turning","Clear","Darkness, lighted road","Dry","No Controls","Champaign","2011","0","1","1895","POINT (-88.2457011514076 40.0913200979752)"
"A-Injury","Animal","Clear","Darkness, lighted road","Dry","No Controls","Rantoul","2011","0","1","1896","POINT (-88.1508683996704 40.313179822083)"
"A-Injury","Overturned","Clear","Daylight","Dry","No Controls","Savoy","2011","0","1","1897","POINT (-88.2540837891483 40.0370027196773)"
"A-Injury","Turning","Clear","Darkness, lighted road","Dry","Traffic Signal","Champaign","2011","0","1","1898","POINT (-88.2579780378281 40.1321704764421)"
"A-Injury","Pedestrian","Clear","Daylight","Dry","No Controls","Champaign","2011","0","1","1899","POINT (-88.235601661912 40.1163411416249)"
"A-Injury","Angle","Clear","Daylight","Dry","Stop Sign/Flasher","Unincorporated","2011","0","1","1900","POINT (-88.2366706143637 39.9082890122379)"
"A-Injury","Fixed object","Clear","Darkness","Dry","No Controls","Savoy","2011","0","2","1901","POINT (-88.2516654661085 40.0528817491575)"
"A-Injury","Rear end","Clear","Daylight","Dry","Other Warning Sign","Rantoul","2011","0","1","1902","POINT (-88.1841636599126 40.3087772593667)"
"A-Injury","Angle","Clear","Daylight","Dry","Traffic Signal","Urbana","2011","0","2","1903","POINT (-88.1627391639582 40.1105099937499)"
"A-Injury","Turning","Clear","Daylight","Dry","Stop Sign/Flasher","Champaign","2011","0","1","1904","POINT (-88.2354012173163 40.110270834298)"
"A-Injury","Turning","Clear","Daylight","Dry","Lane Use Marking","Champaign","2011","0","1","1905","POINT (-88.2451400174758 40.1116444775969)"
"A-Injury","Angle","Rain","Daylight","Wet","No Controls","Unincorporated","2011","0","1","1906","POINT (-88.4073602055892 40.0986798655086)"
"A-Injury","Pedalcyclist","Clear","Daylight","Dry","Traffic Signal","Champaign","2011","0","1","1907","POINT (-88.2451793507843 40.0944799328583)"
"A-Injury","Fixed object","Clear","Daylight","Dry","No Controls","Unincorporated","2011","0","1","1908","POINT (-88.3682137861133 39.9820006363213)"
"A-Injury","Fixed object","Clear","Daylight","Dry","No Controls","Unincorporated","2011","0","1","1910","POINT (-88.2576314731505 40.1689178681472)"
"A-Injury","Fixed object","Clear","Darkness, lighted road","Dry","No Controls","Champaign","2011","0","1","1911","POINT (-88.250338910576 40.1271889424437)"
"A-Injury","Angle","Clear","Darkness, lighted road","Dry","Stop Sign/Flasher","Unincorporated","2011","0","3","1912","POINT (-88.0476090804478 40.1279404399366)"
"A-Injury","Angle","Clear","Darkness, lighted road","Dry","Traffic Signal","Champaign","2011","0","4","1913","POINT (-88.2437187518033 40.1379711452111)"
"A-Injury","Overturned","Clear","Darkness","Dry","No Controls","Unincorporated","2011","0","1","1914","POINT (-88.2133721767672 40.3592937478574)"
"A-Injury","Fixed object","Clear","Darkness, lighted road","Dry","No Controls","Rantoul","2011","0","1","1915","POINT (-88.1547245063842 40.3036562716184)"
"A-Injury","Turning","Clear","Daylight","Dry","Traffic Signal","Unincorporated","2011","0","1","1916","POINT (-88.2954491044235 40.1130410999435)"
"A-Injury","Rear end","Clear","Daylight","Dry","Lane Use Marking","Unincorporated","2011","0","5","1917","POINT (-88.2652185178988 39.8815188001346)"
"A-Injury","Rear end","Clear","Daylight","Dry","Stop Sign/Flasher","Champaign","2011","0","1","1918","POINT (-88.2879403173165 40.0983987050087)"
"A-Injury","Angle","Clear","Daylight","Dry","Stop Sign/Flasher","Champaign","2011","0","1","1919","POINT (-88.2418398818923 40.1163400621716)"
"A-Injury","Angle","Clear","Darkness","Dry","Stop Sign/Flasher","Champaign","2011","0","1","1920","POINT (-88.2933487088704 40.0984588949569)"
"A-Injury","Angle","Clear","Daylight","Dry","Traffic Signal","Urbana","2011","0","2","1921","POINT (-88.2195498745535 40.1324396336256)"
"A-Injury","Turning","Clear","Daylight","Dry","Stop Sign/Flasher","Champaign","2011","0","2","1922","POINT (-88.2764615541006 40.095060637991)"
"A-Injury","Fixed object","Clear","Daylight","Dry","Lane Use Marking","Champaign","2011","0","1","1923","POINT (-88.2843437466609 40.1480874663755)"
"A-Injury","Angle","Clear","Darkness","Dry","Traffic Signal","Champaign","2011","0","4","1924","POINT (-88.2579083280302 40.1426302138974)"
"A-Injury","Overturned","Rain","Darkness","Wet","No Controls","Unincorporated","2011","0","1","1925","POINT (-87.9946293094219 39.9711483312374)"
"A-Injury","Pedestrian","Clear","Darkness, lighted road","Dry","No Controls","Champaign","2011","0","1","1926","POINT (-88.2452174378777 40.1212965769275)"
"A-Injury","Turning","Clear","Daylight","Dry","Lane Use Marking","Unincorporated","2011","0","2","1927","POINT (-88.1832000272932 40.2388009542279)"
"A-Injury","Overturned","Clear","Daylight","Dry","Lane Use Marking","Unincorporated","2011","0","2","1928","POINT (-87.9507010925785 40.313255031162)"
"A-Injury","Angle","Rain","Daylight","Wet","Stop Sign/Flasher","Champaign","2011","0","2","1929","POINT (-88.2764590244653 40.0942800554814)"
"A-Injury","Pedestrian","Clear","Darkness","Dry","Stop Sign/Flasher","Champaign","2011","0","1","1931","POINT (-88.2320800272746 40.1126803308579)"
"A-Injury","Head on","Clear","Dawn","Dry","Lane Use Marking","Fisher","1999","0","2","451","POINT (-88.3524912972527 40.3108137996809)"
"A-Injury","Angle","Snow","Daylight","Snow or slush","No Controls","Unincorporated","1999","0","3","452","POINT (-88.1822034339574 40.190597333153)"
"A-Injury","Fixed object","Clear","Darkness, lighted road","Dry","No Controls","Urbana","2011","0","2","1932","POINT (-88.2091778497865 40.0982999394455)"
"A-Injury","Angle","Clear","Daylight","Dry","Traffic Signal","Champaign","2011","0","1","1933","POINT (-88.2451490298286 40.1125905467255)"
"A-Injury","Fixed object","Clear","Darkness","Dry","Other Warning Sign","Rantoul","2011","0","1","1934","POINT (-88.1841564075038 40.3080590614863)"
"A-Injury","Rear end","Clear","Daylight","Dry","No Controls","Champaign","2011","0","4","1935","POINT (-88.277000943488 40.1288095883062)"
"A-Injury","Parked Motor Vehicle","Clear","Daylight","Dry","No Controls","Rantoul","2011","0","1","1936","POINT (-88.1514604297023 40.3069931659359)"
"A-Injury","Turning","Clear","Daylight","Dry","Stop Sign/Flasher","Champaign","2011","0","2","1937","POINT (-88.2766517708249 40.1065597266257)"
"A-Injury","Turning","Clear","Daylight","Dry","Traffic Signal","Urbana","2011","0","1","1938","POINT (-88.2193810241534 40.1164301749306)"
"A-Injury","Fixed object","Clear","Darkness","Dry","Other Warning Sign","Unincorporated","2011","0","1","1939","POINT (-87.9604306231625 40.2140384659349)"
"A-Injury","Fixed object","Clear","Dawn","Dry","No Controls","Unincorporated","2011","0","1","1940","POINT (-88.1821234106795 40.1767892344921)"
"A-Injury","Angle","Rain","Daylight","Wet","Stop Sign/Flasher","Champaign","2011","0","2","1941","POINT (-88.2388898763208 40.1330299996215)"
"A-Injury","Rear end","Clear","Daylight","Dry","No Controls","Urbana","2011","0","1","1942","POINT (-88.2194830602607 40.1238356537441)"
"A-Injury","Overturned","Clear","Daylight","Dry","Lane Use Marking","Unincorporated","2011","0","2","1943","POINT (-88.4468259913256 40.3109658869414)"
"A-Injury","Overturned","Clear","Daylight","Dry","Traffic Signal","Champaign","2011","0","1","1944","POINT (-88.2801600979956 40.1274592306257)"
"A-Injury","Pedestrian","Clear","Darkness, lighted road","Dry","Traffic Signal","Champaign","2011","0","2","1945","POINT (-88.2335492036491 40.1126691988351)"
"A-Injury","Angle","Clear","Daylight","Dry","Traffic Signal","Urbana","2011","0","2","1946","POINT (-88.2190799804952 40.0981590787105)"
"A-Injury","Other Object","Rain","Dusk","Wet","Other Regualtory Sig","Unincorporated","2011","0","1","1947","POINT (-88.4260801587664 40.0551196351528)"
"A-Injury","Fixed object","Clear","Daylight","Dry","No Controls","Champaign","2011","0","1","1948","POINT (-88.2266747083716 40.1273592554735)"
"A-Injury","Rear end","Clear","Daylight","Dry","No Controls","Urbana","2011","0","2","1949","POINT (-88.2191305958169 40.1006490504101)"
"A-Injury","Angle","Clear","Daylight","Dry","Stop Sign/Flasher","Unincorporated","2011","0","5","1950","POINT (-88.4257682902613 40.0255895313129)"
"A-Injury","Pedestrian","Clear","Darkness","Dry","School Zone","Urbana","2011","0","1","1951","POINT (-88.2049991586243 40.1036900070834)"
"A-Injury","Angle","Clear","Darkness","Dry","Traffic Signal","Urbana","2011","0","2","1952","POINT (-88.2075099826705 40.1164091877407)"
"A-Injury","Other Non-Collision","Rain","Darkness","Wet","No Controls","Urbana","2011","0","1","1953","POINT (-88.2190647803561 40.0970660105832)"
"A-Injury","Pedestrian","Rain","Darkness","Wet","No Controls","Urbana","2011","0","2","1954","POINT (-88.2074239992347 40.1129908430836)"
"A-Injury","Turning","Clear","Daylight","Dry","Traffic Signal","Champaign","2011","0","3","1955","POINT (-88.2414400012199 40.0980500005064)"
"A-Injury","Angle","Clear","Daylight","Dry","Stop Sign/Flasher","Champaign","2011","0","1","1956","POINT (-88.2601892329109 40.1163307430529)"
"A-Injury","Rear end","Clear","Daylight","Dry","School Zone","St Joseph","2011","0","2","1957","POINT (-88.0381646965542 40.1131497026353)"
"A-Injury","Turning","Clear","Daylight","Dry","Stop Sign/Flasher","Champaign","2011","0","1","1958","POINT (-88.2483942472765 40.0835644441796)"
"A-Injury","Rear end","Clear","Darkness, lighted road","Dry","Traffic Signal","Rantoul","2011","0","2","1960","POINT (-88.1705793129606 40.2827213746296)"
"A-Injury","Fixed object","Clear","Daylight","Dry","No Controls","Champaign","2011","0","2","1961","POINT (-88.2952208425573 40.0949128026606)"
"A-Injury","Angle","Clear","Daylight","Dry","Stop Sign/Flasher","Champaign","2011","0","1","1962","POINT (-88.2353893106432 40.1126505416257)"
"A-Injury","Pedestrian","Rain","Darkness","Wet","Traffic Signal","Champaign","2011","0","1","1963","POINT (-88.2579100794734 40.1182694965733)"
"A-Injury","Sideswipe - same dir","Clear","Daylight","Dry","No Controls","Champaign","2003","0","1","7","POINT (-88.2857629717804 40.1444550759306)"
"A-Injury","Overturned","Clear","Darkness","Dry","No Controls","Unincorporated","2011","0","1","1964","POINT (-88.4262702663562 40.1240108855613)"
"A-Injury","Angle","Clear","Daylight","Dry","No Controls","Unincorporated","2011","0","3","1965","POINT (-88.4073603546486 40.0986798645898)"
"A-Injury","Turning","Clear","Daylight","Dry","Traffic Signal","Urbana","2011","0","2","1966","POINT (-88.2050012736326 40.1124497905026)"
"A-Injury","Turning","Clear","Darkness, lighted road","Dry","Traffic Signal","Urbana","2011","0","2","1967","POINT (-88.1627399769457 40.110509999614)"
"A-Injury","Pedestrian","Rain","Darkness, lighted road","Wet","Traffic Signal","Champaign","2011","0","1","1968","POINT (-88.2468109054203 40.1126098810458)"
"A-Injury","Pedestrian","Clear","Daylight","Snow or Slush","No Controls","Champaign","2011","0","1","1969","POINT (-88.2484902741488 40.1126102822963)"
"A-Injury","Pedestrian","Rain","Darkness, lighted road","Wet","No Controls","Champaign","2011","0","1","1970","POINT (-88.2335713617701 40.1101435427583)"
"A-Injury","Overturned","Clear","Daylight","Dry","No Controls","Urbana","2011","0","1","1971","POINT (-88.2285241143888 40.1103672426015)"
"A-Injury","Pedalcyclist","Clear","Darkness, lighted road","Dry","Stop Sign/Flasher","Champaign","2011","0","1","1972","POINT (-88.2321094862598 40.1231018202746)"
"A-Injury","Pedalcyclist","Clear","Daylight","Dry","Traffic Signal","Champaign","2011","0","1","1973","POINT (-88.2576295460503 40.098149983044)"
"A-Injury","Pedalcyclist","Clear","Daylight","Dry","No Controls","Urbana","2011","0","1","1974","POINT (-88.2223906657727 40.1128536578231)"
"A-Injury","Pedestrian","Clear","Daylight","Dry","No Controls","Urbana","2011","0","1","1975","POINT (-88.2194715180836 40.1211951643367)"
"A-Injury","Pedalcyclist","Rain","Darkness","Wet","Traffic Signal","Champaign","2011","0","1","1976","POINT (-88.2828294336201 40.1128906489453)"
"A-Injury","Pedestrian","Rain","Darkness","Wet","Stop Sign/Flasher","Champaign","2011","0","1","1977","POINT (-88.2335494232931 40.1144290680257)"
"A-Injury","Head on","Clear","Daylight","Wet","No Controls","Unincorporated","1999","0","2","453","POINT (-88.384895562152 40.3615678798402)"
"A-Injury","Angle","Clear","Darkness, lighted road","Dry","No Controls","Mahomet","2000","0","1","269","POINT (-88.4174498174559 40.1934773225523)"
"A-Injury","Fixed object","Clear","Daylight","Dry","Lane Use Marking","Unincorporated","2000","0","1","270","POINT (-88.3038232987124 40.006891460507)"
"A-Injury","Angle","Clear","Daylight","Dry","Lane Use Marking","Unincorporated","2012","0","2","1979","POINT (-88.143630815767 40.1133599974112)"
"A-Injury","Turning","Clear","Daylight","Dry","Lane Use Marking","Champaign","2012","0","2","1980","POINT (-88.2467811753482 40.1091492146132)"
"A-Injury","Turning","Clear","Daylight","Dry","Traffic Signal","Urbana","2012","0","2","1981","POINT (-88.1906582410882 40.1420099996467)"
"A-Injury","Overturned","Rain","Darkness","Wet","Lane Use Marking","Champaign","2012","0","1","1982","POINT (-88.2832537735333 40.1440554343328)"
"A-Injury","Turning","Clear","Daylight","Dry","No Controls","Rantoul","2012","0","1","1983","POINT (-88.1553011140636 40.3081988072782)"
"A-Injury","Sideswipe Same Direction","Clear","Daylight","Dry","Lane Use Marking","Unincorporated","2012","0","3","1984","POINT (-88.2701452598804 39.8985202345575)"
"A-Injury","Angle","Clear","Daylight","Dry","Stop Sign/Flasher","Champaign","2012","0","1","1985","POINT (-88.2450802143635 40.1041599990846)"
"A-Injury","Turning","Clear","Daylight","Dry","Stop Sign/Flasher","Champaign","2012","0","1","1986","POINT (-88.2764196427324 40.0908499587167)"
"A-Injury","Overturned","Clear","Daylight","Dry","No Controls","Unincorporated","2012","0","1","1987","POINT (-87.967689762793 40.2399180670344)"
"A-Injury","Turning","Clear","Daylight","Dry","Traffic Signal","Urbana","2012","0","2","1988","POINT (-88.1627800007608 40.1133299996037)"
"A-Injury","Overturned","Clear","Daylight","Dry","Lane Use Marking","Champaign","2012","0","1","1989","POINT (-88.3037984828071 40.1181507589237)"
"A-Injury","Rear end","Clear","Daylight","Dry","Other Regualtory Sig","Champaign","2012","0","1","1990","POINT (-88.2320504605668 40.1103000553879)"
"A-Injury","Fixed object","Clear","Darkness","Dry","Stop Sign/Flasher","Unincorporated","2012","0","1","1991","POINT (-88.0597810908904 40.3126200001304)"
"A-Injury","Head on","Clear","Darkness","Dry","No Controls","Unincorporated","2012","0","2","1992","POINT (-88.1811796707044 40.1146298993584)"
"A-Injury","Rear end","Clear","Daylight","Dry","No Controls","Urbana","2012","0","2","1993","POINT (-88.2049694804052 40.1163199968904)"
"A-Injury","Fixed object","Clear","Daylight","Dry","No Controls","Champaign","2012","0","1","1994","POINT (-88.2906682869002 40.1275531023725)"
"A-Injury","Fixed object","Clear","Daylight","Dry","Lane Use Marking","Unincorporated","2012","0","1","1995","POINT (-87.9532249636927 40.2257894811603)"
"A-Injury","Angle","Other","Daylight","Wet","Stop Sign/Flasher","Unincorporated","2012","0","2","1996","POINT (-87.9944900008128 39.8940600002205)"