"crash_severity","collision_type","weather","light","road_surface","traffic_control","city","year","fatality","injury","id","Geometry"
"A-Injury","Fixed Object","Clear","Darkness, Lighted Road","Dry","Stop Sign/Flasher","Champaign","2015","0","1","2537","POINT (-88.2576891343561 40.1034099853881)"
"A-Injury","Pedalcyclist","Clear","Daylight","Dry","Stop Sign/Flasher","Champaign","2015","0","1","2538","POINT (-88.2575500004971 40.0896899994802)"
"A-Injury","Other Non-Collision","Cloudy/Overcast","Darkness, Lighted Road","Wet","No Controls","Savoy","2015","0","1","2539","POINT (-88.2483264439016 40.0744225889692)"
"A-Injury","Turning","Clear","Daylight","Dry","Traffic Signal","Champaign","2015","0","2","2540","POINT (-88.2579093109588 40.1182702476831)"
"A-Injury","Rear End","Clear","Daylight","Dry","Traffic Signal","Champaign","2015","0","1","2541","POINT (-88.243560001211 40.1272000001441)"
"A-Injury","Pedestrian","Rain","Darkness","Wet","Stop Sign/Flasher","Champaign","2015","0","1","2543","POINT (-88.2385300018245 40.0945335614308)"
"A-Injury","Angle","Clear","Darkness","Dry","Other warning sign","Mahomet","1999","0","1","394","POINT (-88.3589311799491 40.1852056871092)"
"A-Injury","Turning","Clear","Daylight","Dry","Traffic Signal","Savoy","2015","0","2","2544","POINT (-88.2539887359239 40.0394298596487)"
"A-Injury","Turning","Clear","Daylight","Dry","No Controls","Savoy","2015","0","1","2545","POINT (-88.2383880208816 40.0681140736727)"
"A-Injury","Rear End","Clear","Darkness","Dry","Traffic Signal","Champaign","2015","0","1","2546","POINT (-88.2337355444519 40.0834729027846)"
"A-Injury","Turning","Clear","Daylight","Dry","Traffic Signal","Savoy","2015","0","4","2547","POINT (-88.2514191978727 40.0544899994613)"
"A-Injury","Turning","Rain","Daylight","Wet","Traffic signal","Champaign","1999","0","1","462","POINT (-88.2444172147139 40.099341526201)"
"A-Injury","Turning","Rain","Daylight","Wet","Lane Use Marking","Unincorporated","1999","0","3","463","POINT (-88.096863792472 40.31239607198)"
"A-Injury","Pedalcyclist","Clear","Darkness, Lighted Road","Dry","No Controls","Champaign","2015","0","1","2548","POINT (-88.2499931481112 40.1126099997837)"
"A-Injury","Fixed Object","Clear","Daylight","Dry","No Controls","Champaign","2015","0","1","2550","POINT (-88.2986620601606 40.1218080021233)"
"A-Injury","Head On","Clear","Daylight","Dry","No Controls","Champaign","2015","0","1","2551","POINT (-88.2743242914501 40.1396823660108)"
"A-Injury","Turning","Clear","Daylight","Dry","No Controls","Champaign","2015","0","1","2552","POINT (-88.2769992178709 40.1290848053608)"
"A-Injury","Fixed Object","Clear","Daylight","Ice","Lane Use Marking","Champaign","2015","0","1","2553","POINT (-88.3048837634271 40.1202963703107)"
"A-Injury","Fixed Object","Clear","Darkness","Snow or Slush","Lane Use Marking","Mahomet","2015","0","1","2554","POINT (-88.363689838971 40.1866147511622)"
"A-Injury","Turning","Clear","Daylight","Dry","No Controls","Champaign","2000","0","2","326","POINT (-88.2578626440464 40.1202396340934)"
"A-Injury","Turning","Clear","Daylight","Wet","Stop Sign/Flasher","Champaign","2015","0","1","2555","POINT (-88.2767310996898 40.1119103208639)"
"A-Injury","Angle","Clear","Darkness","Dry","Traffic Signal","Champaign","2015","0","1","2556","POINT (-88.2767700008154 40.1128499995107)"
"A-Injury","Angle","Clear","Daylight","Dry","Traffic Signal","Champaign","2015","0","1","2557","POINT (-88.2828299064023 40.112889999384)"
"A-Injury","Fixed Object","Clear","Darkness, Lighted Road","Snow or Slush","Stop Sign/Flasher","Champaign","2015","0","1","2558","POINT (-88.262530001265 40.1144399993985)"
"A-Injury","Fixed Object","Clear","Daylight","Dry","No Controls","Champaign","2015","0","1","2559","POINT (-88.2745457147161 40.0939088685836)"
"A-Injury","Turning","Clear","Daylight","Wet","No Controls","Champaign","2015","0","1","2560","POINT (-88.2603894016005 40.1332297370957)"
"A-Injury","Turning","Clear","Daylight","Dry","Traffic Signal","Unincorporated","2015","0","2","2561","POINT (-88.2951181050268 40.0693327787508)"
"A-Injury","Fixed Object","Clear","Daylight","Dry","Other","Champaign","2015","0","1","2562","POINT (-88.2699199732569 40.1379200512508)"
"A-Injury","Angle","Clear","Daylight","Dry","Stop Sign/Flasher","Champaign","2015","0","2","2563","POINT (-88.2624899810063 40.1101900922243)"
"A-Injury","Angle","Clear","Daylight","Dry","Stop Sign/Flasher","Champaign","2015","0","1","2565","POINT (-88.2619706642525 40.1490691143873)"
"A-Injury","Overturned","Clear","Darkness, Lighted Road","Dry","No Controls","Champaign","2015","0","2","2566","POINT (-88.2719038925063 40.1571002091819)"
"A-Injury","Rear End","Clear","Daylight","Dry","Lane Use Marking","Champaign","2015","0","1","2567","POINT (-88.2826251066804 40.1184869743088)"
"A-Injury","Turning","Clear","Daylight","Dry","No Controls","Champaign","2015","0","1","2568","POINT (-88.260320174291 40.1272000029554)"
"A-Injury","Overturned","Clear","Dusk","Dry","No Controls","Champaign","2015","0","1","2569","POINT (-88.3146500009903 40.1277899994372)"
"A-Injury","Pedestrian","Clear","Darkness","Dry","No Controls","Champaign","2015","0","1","2570","POINT (-88.278639788053 40.0950739496802)"
"A-Injury","Angle","Clear","Daylight","Dry","Stop Sign/Flasher","Champaign","2015","0","2","2571","POINT (-88.2954813442782 40.1175599955687)"
"A-Injury","Fixed Object","Clear","Daylight","Dry","Traffic Signal","Champaign","2015","0","1","2572","POINT (-88.277384786419 40.143320426968)"
"A-Injury","Turning","Clear","Daylight","Dry","Lane Use Marking","Unincorporated","2015","0","1","2573","POINT (-88.4634402170894 40.203708419126)"
"A-Injury","Angle","Clear","Daylight","Dry","Stop Sign/Flasher","Unincorporated","2015","0","1","2574","POINT (-88.3038715027087 40.0253791193407)"
"A-Injury","Rear End","Clear","Daylight","Dry","Lane Use Marking","Unincorporated","2015","0","2","2575","POINT (-88.3255037189923 40.1740054047281)"
"A-Injury","Rear End","Rain","Daylight","Wet","No Controls","Mahomet","2015","0","1","2576","POINT (-88.3653100017587 40.1931987843637)"
"A-Injury","Parked Motor Vehicle","Clear","Darkness","Dry","No Controls","Champaign","2015","0","1","2577","POINT (-88.2951454753953 40.0999299996801)"
"A-Injury","Fixed Object","Clear","Darkness","Dry","No Controls","Unincorporated","2015","0","1","2578","POINT (-88.3463899507965 40.2414095800124)"
"A-Injury","Parked Motor Vehicle","Rain","Darkness, Lighted Road","Wet","No Controls","Champaign","2015","0","1","2579","POINT (-88.2873137237551 40.0943829395117)"
"A-Injury","Other Non-Collision","Rain","Daylight","Wet","Lane Use Marking","Unincorporated","2015","0","1","2580","POINT (-88.3044471735884 40.0841955610712)"
"A-Injury","Rear End","Clear","Daylight","Dry","Lane Use Marking","Mahomet","2015","0","1","2581","POINT (-88.3570585847822 40.1807342972598)"
"A-Injury","Rear End","Clear","Daylight","Dry","Traffic Signal","Champaign","2015","0","1","2582","POINT (-88.2767716147203 40.1128499994753)"
"A-Injury","Turning","Rain","Daylight","Wet","Traffic Signal","Champaign","2015","0","1","2583","POINT (-88.2768100005602 40.1164599996991)"
"A-Injury","Fixed Object","Fog/Smoke/Haze","Daylight","Wet","Lane Use Marking","Champaign","2015","0","1","2584","POINT (-88.305309295943 40.1207995252054)"
"A-Injury","Overturned","Clear","Darkness","Dry","No Controls","Unincorporated","2015","0","1","2585","POINT (-88.3360220300212 40.2234515430472)"
"A-Injury","Fixed Object","Cloudy/Overcast","Daylight","Dry","No Controls","Unincorporated","2015","0","1","2586","POINT (-88.3445905140936 40.1277804758135)"
"A-Injury","Pedestrian","Clear","Daylight","Dry","No Controls","Champaign","2015","0","1","2587","POINT (-88.2771801939068 40.1369617840347)"
"A-Injury","Pedestrian","Clear","Daylight","Dry","No Controls","Champaign","2015","0","1","2588","POINT (-88.2772405791414 40.1274145304489)"
"A-Injury","Overturned","Clear","Darkness","Dry","Lane Use Marking","Unincorporated","2015","0","1","2589","POINT (-88.3753395730153 40.3757036054301)"
"A-Injury","Overturned","Clear","Dawn","Dry","Lane Use Marking","Unincorporated","2015","0","3","2591","POINT (-88.3849989989051 40.2803168191383)"
"A-Injury","Pedalcyclist","Clear","Daylight","Dry","No Controls","Unincorporated","2015","0","1","2592","POINT (-88.1364879739463 40.3274306821372)"
"A-Injury","Pedestrian","Clear","Darkness, lighted road","Dry","Traffic signal","Urbana","2003","0","1","31","POINT (-88.2019300852411 40.1220186704026)"
"A-Injury","Rear End","Clear","Daylight","Dry","No Controls","Unincorporated","2015","0","1","2593","POINT (-88.2896894279539 40.2969593225812)"
"A-Injury","Overturned","Clear","Daylight","Dry","No Controls","Unincorporated","2015","0","1","2594","POINT (-88.1940461702663 40.3571708656686)"
"A-Injury","Head on","Fog / smoke / haze","Darkness","Wet","Yield","Mahomet","1999","0","3","464","POINT (-88.3402676750804 40.1726413947316)"
"A-Injury","Turning","Clear","Darkness","Dry","Lane Use Marking","Philo","1999","0","3","465","POINT (-88.1613868168925 39.9982715148381)"
"A-Injury","Rear end","Unknown","Daylight","Dry","No Controls","Champaign","1999","0","4","466","POINT (-88.2304267451287 40.1127185850452)"
"A-Injury","Rear End","Clear","Daylight","Dry","Traffic Signal","Rantoul","2015","0","1","2595","POINT (-88.1751627421631 40.3081845183219)"
"A-Injury","Fixed Object","Rain","Darkness, Lighted Road","Wet","No Controls","Rantoul","2015","0","2","2596","POINT (-88.1558500005596 40.3163158308489)"
"A-Injury","Fixed Object","Clear","Darkness","Dry","No Controls","Unincorporated","2015","0","2","2597","POINT (-88.3092500148309 40.3547103891263)"
"A-Injury","Fixed Object","Clear","Daylight","Ice","Lane Use Marking","Unincorporated","2015","0","1","2598","POINT (-88.1055570004544 40.3123090010937)"
"A-Injury","Other Object","Clear","Darkness","Dry","RR Crossing Gate","Rantoul","2015","0","1","2599","POINT (-88.1707236060446 40.2827251287418)"
"A-Injury","Angle","Clear","Daylight","Dry","No Controls","Unincorporated","2015","0","5","2600","POINT (-88.0019000014317 40.2837099994216)"
"A-Injury","Angle","Clear","Daylight","Dry","Stop sign / flasher","Champaign","2000","0","1","327","POINT (-88.3145129624667 40.1132597945671)"
"A-Injury","Rear end","Clear","Daylight","Dry","Other","Mahomet","1999","0","1","467","POINT (-88.3888534952148 40.1876453895257)"
"A-Injury","Turning","Clear","Daylight","Dry","Traffic signal","Urbana","2001","0","4","261","POINT (-88.2195613721625 40.1341663829274)"
"A-Injury","Fixed object","Rain","Daylight","Wet","No Controls","Champaign","2003","0","1","32","POINT (-88.2906447656786 40.1129732579896)"
"A-Injury","Turning","Rain","Dawn","Dry","No Controls","Unincorporated","2000","0","2","328","POINT (-87.958502434789 40.0762224458529)"
"A-Injury","Rear end","Clear","Daylight","Wet","Traffic Signal","Savoy","2004","0","2","469","POINT (-88.2519127109396 40.0510767028603)"
"A-Injury","Rear end","Clear","Dawn","Dry","No Controls","Unincorporated","2003","0","1","33","POINT (-88.1770750715549 40.3262745832272)"
"A-Injury","Angle","Clear","Daylight","Dry","Stop sign / flasher","Champaign","2000","0","2","329","POINT (-88.3145129624667 40.1132597945671)"
"A-Injury","Turning","Clear","Daylight","Dry","Traffic signal","Champaign","2000","0","3","330","POINT (-88.2578328618776 40.1163193710851)"
"A-Injury","Pedalcyclist","Clear","Daylight","Dry","Stop Sign/Flasher","Urbana","2012","0","2","2711","POINT (-88.2159897681505 40.1074605183598)"
"A-Injury","Rear end","Severe Cross Wind","Darkness","Ice","Traffic Signal","Savoy","2004","0","1","470","POINT (-88.2491725096057 40.0689961100169)"
"A-Injury","Rear end","Clear","Daylight","Dry","No Controls","Urbana","2003","0","1","34","POINT (-88.2149462555 40.1164701708931)"
"A-Injury","Angle","Clear","Daylight","Dry","Traffic signal","Urbana","2000","0","1","331","POINT (-88.1627749750589 40.1133433836615)"
"A-Injury","Angle","Snow","Daylight","Snow or slush","No Controls","St. Joseph","2000","0","1","332","POINT (-88.0201667906035 40.1201835625498)"
"A-Injury","Rear end","Rain","Darkness, Lighted Road","Wet","Stop Sign/Flasher","Savoy","2004","0","1","471","POINT (-88.248757886681 40.0716765570111)"
"A-Injury","Turning","Clear","Daylight","Dry","Traffic signal","Urbana","2003","0","3","35","POINT (-88.2050046678331 40.1163119581311)"
"A-Injury","Overturned","Clear","Daylight","Dry","Lane Use Marking","Unincorporated","2000","0","3","333","POINT (-88.1055512266676 40.120671268753)"
"A-Injury","Fixed object","Clear","Daylight","Dry","Lane Use Marking","Unincorporated","2000","0","2","334","POINT (-88.2501840298419 40.1764650737197)"
"A-Injury","Pedalcyclist","Clear","Dusk","Dry","No Controls","Champaign","2010","0","1","2803","POINT (-88.2299337896495 40.125154549452)"
"A-Injury","Turning","Clear","Darkness","Wet","Traffic Signal","Champaign","2004","0","1","472","POINT (-88.2446384669096 40.0980915312516)"
"A-Injury","Rear end","Clear","Daylight","Wet","Traffic Signal","Champaign","2004","0","1","473","POINT (-88.2446384669096 40.0980915312516)"
"A-Injury","Rear end","Clear","Daylight","Dry","No Controls","Champaign","2004","0","1","474","POINT (-88.2443059601382 40.1000311461071)"
"A-Injury","Angle","Clear","Daylight","Dry","No Controls","Champaign","2003","0","2","36","POINT (-88.2816950349486 40.112897959128)"
"A-Injury","Turning","Clear","Dusk","Wet","Yield","Unincorporated","2000","0","1","335","POINT (-88.2584031962917 40.0102661808612)"
"A-Injury","Overturned","Clear","Daylight","Dry","Lane Use Marking","Unincorporated","2000","0","1","336","GEOMETRYCOLLECTION EMPTY"
"A-Injury","Rear end","Clear","Daylight","Dry","No Controls","Champaign","2004","0","3","475","POINT (-88.2435184667744 40.1126019034444)"
"A-Injury","Turning","Rain","Daylight","Wet","Traffic Signal","Champaign","2004","0","3","476","POINT (-88.2435184667744 40.1126019034444)"
"A-Injury","Overturned","Rain","Darkness","Wet","Lane Use Marking","Champaign","2003","0","1","37","POINT (-88.2701755726744 40.1376598859336)"
"A-Injury","Fixed object","Clear","Daylight","Dry","Lane Use Marking","Unincorporated","2000","0","2","337","POINT (-88.1760798495346 40.3275406938434)"
"A-Injury","Angle","Snow","Darkness","Ice","Stop sign / flasher","Unincorporated","2000","0","3","338","POINT (-88.0465327470314 40.1862478496605)"
"A-Injury","Fixed object","Clear","Darkness, Lighted Road","Dry","No Controls","Champaign","2004","0","1","477","POINT (-88.2415409932109 40.1126177620677)"
"A-Injury","Rear end","Clear","Darkness, Lighted Road","Dry","Traffic Signal","Champaign","2004","0","1","478","POINT (-88.2387337511384 40.1126458498797)"
"A-Injury","Parked Motor Vehicle","Clear","Daylight","Dry","Police / flagman","Unincorporated","2000","0","1","340","GEOMETRYCOLLECTION EMPTY"
"A-Injury","Sideswipe - same dir","Clear","Daylight","Dry","No Controls","Champaign","2000","0","2","341","POINT (-88.2830888930562 40.1467983980933)"
"A-Injury","Angle","Clear","Daylight","Dry","Traffic Signal","Champaign","2004","0","1","479","POINT (-88.2387337511384 40.1126458498797)"
"A-Injury","Rear end","Clear","Daylight","Dry","No Controls","Champaign","2004","0","2","480","POINT (-88.2304267451287 40.1127185850452)"
"A-Injury","Rear end","Clear","Daylight","Dry","No Controls","Champaign","2000","0","1","342","POINT (-88.2452229073556 40.0944696690598)"
"A-Injury","Turning","Rain","Darkness, lighted road","Wet","Traffic signal","Urbana","2000","0","1","343","POINT (-88.2050046678331 40.1163119581311)"
"A-Injury","Angle","Clear","Darkness, Lighted Road","Dry","Traffic Signal","Champaign","2004","0","1","481","POINT (-88.2289391994858 40.1127293825505)"
"A-Injury","Rear end","Clear","Daylight","Dry","No Controls","Urbana","2004","0","1","482","POINT (-88.2271150592042 40.1164072406053)"
"A-Injury","Rear end","Clear","Daylight","Dry","Traffic signal","Champaign","2003","0","2","38","POINT (-88.2579447238729 40.1380089461832)"
"A-Injury","Rear end","Clear","Darkness, Lighted Road","Dry","Traffic Signal","Urbana","2004","0","3","483","POINT (-88.2193700773236 40.1164391840334)"
"A-Injury","Rear end","Clear","Darkness, Lighted Road","Dry","Traffic Signal","Urbana","2004","0","5","484","POINT (-88.2191501550909 40.1164406306891)"
"A-Injury","Pedestrian","Clear","Darkness, lighted road","Dry","No Controls","Urbana","2003","0","1","39","POINT (-88.201552478683 40.1228664670112)"
"A-Injury","Turning","Clear","Daylight","Dry","Traffic Signal","Urbana","2004","0","2","485","POINT (-88.2050046678331 40.1163119581311)"
"A-Injury","Fixed object","Clear","Darkness, Lighted Road","Dry","Traffic Signal","Urbana","2004","0","2","486","POINT (-88.1994081291613 40.127391570635)"
"A-Injury","Angle","Clear","Daylight","Dry","Stop sign / flasher","Urbana","2000","0","3","344","POINT (-88.1907147565022 40.1419727195052)"
"A-Injury","Pedalcyclist","Clear","Daylight","Dry","Stop sign / flasher","Champaign","2000","0","1","345","POINT (-88.2484692855978 40.1126263889481)"
"A-Injury","Turning","Clear","Darkness, lighted road","Dry","Traffic signal","Champaign","2003","0","2","40","POINT (-88.2446384669096 40.0980915312516)"
"A-Injury","Parked Motor Vehicle","Snow","Daylight","Snow or slush","No Controls","Unincorporated","2000","0","1","346","POINT (-88.1621378109447 40.1203205383604)"
"A-Injury","Rear end","Clear","Daylight","Dry","Lane Use Marking","Urbana","2000","0","1","347","POINT (-88.2038383265606 40.118433439079)"
"A-Injury","Overturned","Snow","Daylight","Snow or slush","No Controls","Urbana","2000","0","1","348","POINT (-88.189799989904 40.1435722274013)"
"A-Injury","Pedestrian","Snow","Darkness, lighted road","Snow or slush","No Controls","Unincorporated","2000","0","1","349","POINT (-88.18077378993 40.1145126750446)"
"A-Injury","Pedalcyclist","Clear","Daylight","Dry","Traffic Signal","Urbana","2004","0","1","487","POINT (-88.1994081291613 40.127391570635)"
"A-Injury","Rear end","Clear","Daylight","Snow or Slush","No Controls","Urbana","2004","0","1","488","POINT (-88.1945929381125 40.1355032178927)"
"A-Injury","Rear end","Clear","Darkness, lighted road","Dry","No Controls","Champaign","2000","0","2","350","POINT (-88.2579156342044 40.1232022949806)"
"A-Injury","Angle","Rain","Daylight","Wet","Traffic signal","Champaign","2000","0","2","351","POINT (-88.2467999536647 40.1126179344272)"
"A-Injury","Rear end","Clear","Daylight","Dry","Lane Use Marking","Unincorporated","2004","0","1","489","POINT (-88.1818386511653 40.159502164173)"
"A-Injury","Rear end","Clear","Daylight","Dry","No Controls","Unincorporated","2004","0","1","490","POINT (-88.1819688009922 40.1711221762088)"
"A-Injury","Overturned","Clear","Darkness","Dry","No Controls","Unincorporated","2000","0","1","352","POINT (-88.1771759607068 40.2667010134229)"
"A-Injury","Angle","Snow","Daylight","Ice","No Controls","Champaign","2000","0","1","353","POINT (-88.2690859604027 40.1590590593922)"
"A-Injury","Turning","Clear","Daylight","Dry","Stop Sign/Flasher","Unincorporated","2004","0","1","491","POINT (-88.1822013661942 40.1892946028907)"
"A-Injury","Fixed object","Clear","Darkness, Lighted Road","Dry","No Controls","Rantoul","2004","0","1","492","POINT (-88.1687857512704 40.2870567795549)"
"A-Injury","Sideswipe same direction","Clear","Daylight","Dry","No Controls","Rantoul","2004","0","2","493","POINT (-88.1681801082118 40.3083376863135)"
"A-Injury","Fixed object","Clear","Daylight","Dry","No Controls","Unincorporated","2004","0","2","494","POINT (-88.0613664956469 40.3126186065272)"
"A-Injury","Pedestrian","Clear","Daylight","Wet","No Controls","Unincorporated","2010","0","2","3447","POINT (-88.2734519647289 40.143943179759)"
"A-Injury","Pedestrian","Clear","Darkness, lighted road","Wet","No Controls","Champaign","2010","0","1","3450","POINT (-88.2337636039307 40.1214450558028)"
"A-Injury","Pedestrian","Clear","Daylight","Dry","No Controls","Champaign","2010","0","1","3453","POINT (-88.2354879465929 40.1079628421227)"
"A-Injury","Pedestrian","Rain","Daylight","Wet","No Controls","Champaign","2010","0","1","3455","POINT (-88.2539429206728 40.1126495235437)"
"A-Injury","Pedestrian","Clear","Darkness","Dry","No Controls","Unincorporated","2010","0","1","3459","POINT (-88.2283150119767 40.0835001766927)"
"A-Injury","Pedestrian","Clear","Daylight","Dry","No Controls","Champaign","2010","0","1","3464","POINT (-88.2511423237451 40.1288032649433)"
"A-Injury","Pedestrian","Clear","Darkness, lighted road","Dry","No Controls","Urbana","2010","0","1","3467","POINT (-88.2222074647494 40.1164201568227)"
"A-Injury","Pedestrian","Clear","Darkness, lighted road","Dry","No Controls","Champaign","2010","0","1","3470","POINT (-88.2764162169815 40.1128462301025)"
"A-Injury","Pedestrian","Clear","Daylight","Dry","No Controls","Champaign","2010","0","1","3471","POINT (-88.2859157243488 40.0983813394834)"
"A-Injury","Head on","Snow","Daylight","Ice","Lane Use Marking","Unincorporated","2004","0","2","495","POINT (-88.0604008497035 40.3126260686799)"
"A-Injury","Overturned","Clear","Daylight","Ice","Lane Use Marking","Unincorporated","2004","0","1","496","POINT (-88.0503116539144 40.3126933506721)"
"A-Injury","Pedestrian","Clear","Daylight","Dry","Traffic Signal","Champaign","2010","0","1","3478","POINT (-88.2445883723397 40.0980934446604)"
"A-Injury","Rear end","Clear","Darkness","Dry","No Controls","Unincorporated","2002","0","2","43","POINT (-88.0650363070632 40.3126095141166)"
"A-Injury","Pedestrian","Clear","Daylight","Snow or Slush","Traffic Signal","Champaign","2010","0","1","3485","POINT (-88.2860601406215 40.112910943994)"
"A-Injury","Pedestrian","Snow","Darkness","Snow or Slush","No Controls","Unincorporated","2010","0","1","3486","POINT (-88.1715224575134 40.1077304067223)"
"A-Injury","Pedestrian","Clear","Darkness","Dry","No Controls","Champaign","2010","0","1","3487","POINT (-88.26845498276 40.1273118204988)"
"A-Injury","Pedestrian","Clear","Darkness","Dry","Other","Champaign","2011","0","1","3492","POINT (-88.2435091115853 40.1163595649879)"
"A-Injury","Pedestrian","Rain","Darkness, lighted road","Wet","Traffic Signal","Urbana","2011","0","1","3493","POINT (-88.1906998147208 40.0984098714558)"
"A-Injury","Pedestrian","Clear","Daylight","Dry","No Controls","Urbana","2011","0","1","3498","POINT (-88.2035990490459 40.105640562549)"
"A-Injury","Pedestrian","Rain","Darkness","Wet","No Controls","Urbana","2011","0","1","3500","POINT (-88.1956617695502 40.1056896247093)"
"A-Injury","Pedestrian","Clear","Daylight","Dry","No Controls","Champaign","2011","0","1","3501","POINT (-88.235392504874 40.1126505144051)"
"A-Injury","Pedestrian","Clear","Daylight","Dry","No Controls","Champaign","2011","0","1","3502","POINT (-88.235601661912 40.1163411416249)"
"A-Injury","Pedestrian","Clear","Darkness, lighted road","Dry","No Controls","Champaign","2011","0","1","3505","POINT (-88.2452174378777 40.1212965769275)"
"A-Injury","Pedestrian","Clear","Darkness","Dry","Stop Sign/Flasher","Champaign","2011","0","1","3506","POINT (-88.2320800272746 40.1126803308579)"
"A-Injury","Pedestrian","Clear","Darkness, lighted road","Dry","Traffic Signal","Champaign","2011","0","2","3510","POINT (-88.2335492036491 40.1126691988351)"
"A-Injury","Pedestrian","Clear","Darkness","Dry","School Zone","Urbana","2011","0","1","3512","POINT (-88.2049991586243 40.1036900070834)"
"A-Injury","Pedestrian","Rain","Darkness","Wet","No Controls","Urbana","2011","0","2","3514","POINT (-88.2074239992347 40.1129908430836)"
"A-Injury","Pedestrian","Rain","Darkness","Wet","Traffic Signal","Champaign","2011","0","1","3516","POINT (-88.2579100794734 40.1182694965733)"
"A-Injury","Pedestrian","Rain","Darkness, lighted road","Wet","Traffic Signal","Champaign","2011","0","1","3518","POINT (-88.2468109054203 40.1126098810458)"
"A-Injury","Pedestrian","Clear","Daylight","Snow or Slush","No Controls","Champaign","2011","0","1","3520","POINT (-88.2484902741488 40.1126102822963)"
"A-Injury","Pedestrian","Rain","Darkness, lighted road","Wet","No Controls","Champaign","2011","0","1","3523","POINT (-88.2335713617701 40.1101435427583)"
"A-Injury","Rear end","Clear","Daylight","Dry","No Controls","Urbana","2003","0","1","44","POINT (-88.1887775078619 40.1452964781826)"
"A-Injury","Pedestrian","Clear","Daylight","Dry","No Controls","Urbana","2011","0","1","3526","POINT (-88.2194715180836 40.1211951643367)"
"A-Injury","Pedestrian","Rain","Darkness","Wet","Stop Sign/Flasher","Champaign","2011","0","1","3532","POINT (-88.2335494232931 40.1144290680257)"
"A-Injury","Pedestrian","Other","Dusk","Dry","No Controls","Rantoul","2011","0","1","3535","POINT (-88.1412232019493 40.3215817900836)"
"A-Injury","Pedestrian","Clear","Daylight","Dry","Traffic Signal","Urbana","2012","0","1","3537","POINT (-88.2126408536794 40.1164908841194)"
"A-Injury","Pedestrian","Rain","Darkness, lighted road","Wet","Lane Use Marking","Urbana","2012","0","1","3538","POINT (-88.2239400191976 40.1113730104384)"
"A-Injury","Pedestrian","Clear","Darkness","Dry","No Controls","Urbana","2012","0","1","3542","POINT (-88.1735300120003 40.1058093910238)"
"A-Injury","Pedestrian","Clear","Daylight","Dry","Lane Use Marking","Mahomet","2012","0","1","3543","POINT (-88.3888229634812 40.1876164441801)"
"A-Injury","Pedestrian","Clear","Daylight","Wet","Traffic Signal","Champaign","2012","0","1","3551","POINT (-88.2681887109867 40.1273085314534)"
"A-Injury","Pedestrian","Clear","Daylight","Dry","Traffic Signal","Urbana","2012","0","1","3552","POINT (-88.190699842529 40.0984099066275)"
"A-Injury","Pedestrian","Clear","Darkness, lighted road","Dry","Traffic Signal","Champaign","2012","0","1","3553","POINT (-88.2387099288848 40.1102299060727)"
"A-Injury","Pedestrian","Clear","Darkness, lighted road","Dry","Traffic Signal","Urbana","2012","0","1","3555","POINT (-88.2193802116011 40.1128301566526)"
"A-Injury","Pedestrian","Clear","Darkness, lighted road","Dry","Other Warning Sign","Urbana","2012","0","1","3557","POINT (-88.2279844500816 40.1041933366927)"
"A-Injury","Pedestrian","Rain","Daylight","Wet","Other","Urbana","2012","0","3","3563","POINT (-88.2191999584708 40.1037001637469)"
"A-Injury","Pedalcyclist","Clear","Darkness, lighted road","Dry","No Controls","Champaign","2000","0","1","354","POINT (-88.2579473002304 40.1300628698443)"
"A-Injury","Fixed object","Clear","Daylight","Dry","No Controls","Unincorporated","2000","0","3","355","POINT (-88.3030887947702 39.9371272928748)"
"A-Injury","Overturned","Clear","Daylight","Dry","Lane Use Marking","Unincorporated","2000","0","1","356","POINT (-88.2580735977242 40.16868743215)"
"A-Injury","Pedestrian","Clear","Darkness, lighted road","Dry","No Controls","Champaign","2012","0","1","3566","POINT (-88.2467002287022 40.1221500013215)"
"A-Injury","Turning","Clear","Daylight","Dry","No Controls","Champaign","2003","0","1","45","POINT (-88.2578328618776 40.1163193710851)"
"A-Injury","Pedestrian","Clear","Daylight","Dry","No Controls","Champaign","2012","0","1","3573","POINT (-88.2611211617437 40.1490807114509)"